claim_id,product_category,product_age_months,warranty_duration_months,warranty_status,fault_type,repair_count,authorized_repair,has_receipt,has_warranty_card,has_product_image,has_serial_evidence,missing_doc_count,serial_match,excluded_damage,duplicate_claim,purchase_date,claim_submission_date,class_label
CLM00304,Air Conditioner,21,18,Expired,Software Issue,0,Yes,Yes,Yes,Yes,Yes,0,Yes,No,No,2024-12-07,2026-09-18,ManualReview
CLM00950,Mobile Phone,4,12,Active,Mechanical Failure,2,Yes,Yes,Yes,Yes,No,1,Yes,No,No,2026-05-09,2026-09-22,ManualReview
CLM01423,Washing Machine,13,24,Active,Electrical Fault,0,Yes,Yes,No,Yes,Yes,1,Yes,No,No,2025-08-14,2026-09-21,Valid
CLM01414,Refrigerator,1,24,Active,Overheating,0,Yes,No,Yes,Yes,Yes,1,Yes,No,No,2026-08-14,2026-09-22,Valid
CLM01452,Television,8,24,Active,Overheating,0,Yes,Yes,Yes,Yes,Yes,0,Yes,No,No,2026-01-20,2026-09-19,Valid
CLM00823,Television,14,6,Expired,Electrical Fault,1,Yes,Yes,Yes,Yes,Yes,0,No,No,No,2025-07-06,2026-09-21,Invalid
CLM00182,Mobile Phone,6,12,Active,Software Issue,3,Yes,Yes,Yes,No,Yes,1,Yes,No,No,2026-03-05,2026-09-21,ManualReview
CLM00570,Air Conditioner,6,6,Expired,Physical Damage,0,Yes,Yes,No,Yes,Yes,1,Yes,Yes,No,2026-03-07,2026-09-15,Invalid
CLM00694,Washing Machine,14,18,Active,Mechanical Failure,0,Yes,No,Yes,No,Yes,2,Yes,No,No,2025-07-17,2026-09-18,ManualReview
CLM01260,Laptop,6,12,Active,Software Issue,1,Yes,Yes,No,Yes,Yes,1,Yes,No,No,2026-03-08,2026-09-22,Valid
CLM00884,Television,18,12,Expired,Software Issue,1,No,Yes,No,Yes,Yes,1,Yes,No,No,2025-03-17,2026-09-19,Invalid
CLM01129,Television,20,24,Active,Electrical Fault,3,Yes,Yes,No,Yes,Yes,1,Yes,No,No,2025-01-13,2026-09-19,ManualReview
CLM00512,Laptop,6,6,Expired,Mechanical Failure,0,Yes,Yes,Yes,No,Yes,1,No,No,No,2026-03-19,2026-09-21,Invalid
CLM00980,Washing Machine,6,6,Expired,Overheating,1,Yes,Yes,Yes,Yes,Yes,0,No,No,No,2026-03-21,2026-09-23,ManualReview
CLM00445,Washing Machine,6,24,Active,Software Issue,0,Yes,No,Yes,Yes,Yes,1,Yes,No,No,2026-03-01,2026-09-19,Valid
CLM00681,Refrigerator,3,12,Active,Software Issue,1,No,Yes,Yes,Yes,Yes,0,No,No,No,2026-06-18,2026-09-23,ManualReview
CLM01213,Washing Machine,7,6,Expired,Mechanical Failure,0,Yes,Yes,No,Yes,Yes,1,Yes,No,No,2026-02-22,2026-09-17,ManualReview
CLM00226,Air Conditioner,29,24,Expired,Overheating,0,Yes,Yes,No,Yes,No,2,Yes,No,Yes,2024-05-03,2026-09-18,Invalid
CLM01434,Mobile Phone,15,24,Active,Software Issue,2,Yes,Yes,Yes,Yes,Yes,0,Yes,No,No,2025-06-28,2026-09-20,Valid
CLM00333,Refrigerator,18,24,Active,Mechanical Failure,0,Yes,Yes,No,No,Yes,2,Yes,No,No,2025-03-12,2026-09-18,Valid
CLM00479,Laptop,13,24,Active,Overheating,1,Yes,No,Yes,Yes,Yes,1,No,No,No,2025-08-07,2026-09-17,ManualReview
CLM00330,Mobile Phone,33,24,Expired,Software Issue,0,Yes,Yes,Yes,No,Yes,1,Yes,No,No,2023-12-11,2026-09-23,ManualReview
CLM00466,Television,15,6,Expired,Software Issue,1,Yes,No,Yes,Yes,Yes,1,Yes,No,No,2025-06-24,2026-09-19,ManualReview
CLM00639,Mobile Phone,8,18,Active,Software Issue,1,Yes,Yes,Yes,Yes,Yes,0,Yes,No,Yes,2026-01-01,2026-09-16,ManualReview
CLM01094,Air Conditioner,14,12,Expired,Mechanical Failure,1,Yes,Yes,No,Yes,Yes,1,Yes,No,No,2025-07-18,2026-09-23,ManualReview
CLM01433,Refrigerator,9,12,Active,Overheating,0,Yes,No,Yes,Yes,Yes,1,Yes,No,No,2025-12-12,2026-09-13,Valid
CLM01163,Refrigerator,20,24,Active,Electrical Fault,1,No,Yes,No,Yes,Yes,1,Yes,No,No,2025-01-23,2026-09-14,ManualReview
CLM01185,Mobile Phone,19,24,Active,Water Damage,0,Yes,Yes,Yes,Yes,Yes,0,Yes,Yes,No,2025-02-15,2026-09-14,ManualReview
CLM00592,Mobile Phone,6,24,Active,Software Issue,2,Yes,Yes,Yes,No,Yes,1,Yes,No,No,2026-03-07,2026-09-20,ManualReview
CLM00709,Television,5,6,Active,Overheating,0,Yes,No,Yes,Yes,No,2,No,No,No,2026-03-30,2026-09-17,ManualReview
CLM00238,Washing Machine,7,12,Active,Mechanical Failure,0,Yes,No,Yes,No,Yes,2,Yes,No,No,2026-02-10,2026-09-15,ManualReview
CLM00229,Television,1,12,Active,Physical Damage,2,No,Yes,Yes,Yes,Yes,0,Yes,Yes,No,2026-08-10,2026-09-20,Invalid
CLM00714,Laptop,5,18,Active,Overheating,1,Yes,Yes,Yes,Yes,Yes,0,Yes,No,Yes,2026-04-04,2026-09-14,ManualReview
CLM00106,Television,0,24,Active,Electrical Fault,1,Yes,No,Yes,Yes,Yes,1,Yes,No,No,2026-09-12,2026-09-16,ManualReview
CLM01211,Laptop,10,24,Active,Electrical Fault,0,Yes,No,Yes,Yes,Yes,1,Yes,No,No,2025-11-10,2026-09-20,Valid
CLM01340,Refrigerator,8,24,Active,Electrical Fault,0,Yes,Yes,Yes,Yes,Yes,0,Yes,No,No,2026-01-04,2026-09-16,Valid
CLM01424,Washing Machine,19,24,Active,Mechanical Failure,1,Yes,No,Yes,Yes,Yes,1,Yes,No,No,2025-02-09,2026-09-14,Valid
CLM01429,Refrigerator,1,12,Active,Overheating,1,Yes,Yes,Yes,Yes,No,1,Yes,No,No,2026-08-16,2026-09-17,Valid
CLM00285,Mobile Phone,1,6,Active,Physical Damage,0,Yes,No,Yes,Yes,Yes,1,Yes,Yes,No,2026-08-23,2026-09-21,ManualReview
CLM00460,Refrigerator,11,12,Active,Electrical Fault,2,Yes,Yes,Yes,Yes,Yes,0,Yes,No,No,2025-10-27,2026-09-21,Valid
CLM01005,Washing Machine,2,24,Active,Overheating,2,Yes,Yes,No,Yes,Yes,1,Yes,No,No,2026-07-04,2026-09-15,ManualReview
CLM01440,Washing Machine,4,18,Active,Electrical Fault,0,Yes,Yes,Yes,No,Yes,1,Yes,No,No,2026-05-08,2026-09-17,Valid
CLM00857,Refrigerator,26,24,Expired,Software Issue,1,Yes,No,Yes,Yes,Yes,1,Yes,No,No,2024-07-17,2026-09-21,ManualReview
CLM00828,Laptop,17,12,Expired,Water Damage,0,Yes,No,No,Yes,Yes,2,No,Yes,No,2025-04-27,2026-09-17,Invalid
CLM00213,Washing Machine,5,24,Active,Water Damage,0,Yes,Yes,Yes,Yes,Yes,0,Yes,Yes,No,2026-04-20,2026-09-21,ManualReview
CLM01355,Mobile Phone,18,24,Active,Electrical Fault,0,Yes,Yes,Yes,Yes,Yes,0,Yes,No,No,2025-04-01,2026-09-22,Valid
CLM01366,Washing Machine,0,6,Active,Overheating,1,Yes,Yes,Yes,No,Yes,1,Yes,No,No,2026-09-05,2026-09-22,Valid
CLM01310,Mobile Phone,12,18,Active,Overheating,0,Yes,Yes,Yes,Yes,Yes,0,Yes,No,No,2025-09-21,2026-09-16,Valid
CLM00558,Refrigerator,7,6,Expired,Physical Damage,2,Yes,Yes,No,Yes,Yes,1,No,Yes,No,2026-02-08,2026-09-21,Invalid
CLM01114,Television,14,12,Expired,Physical Damage,0,Yes,Yes,Yes,No,Yes,1,Yes,Yes,No,2025-07-27,2026-09-22,Invalid
CLM00252,Laptop,13,24,Active,Physical Damage,3,Yes,Yes,Yes,Yes,No,1,Yes,Yes,No,2025-08-17,2026-09-19,Invalid
CLM00100,Laptop,14,6,Expired,Water Damage,0,Yes,No,Yes,No,No,3,Yes,Yes,No,2025-07-01,2026-09-14,Invalid
CLM00350,Air Conditioner,2,12,Active,Physical Damage,0,Yes,Yes,Yes,No,Yes,1,Yes,Yes,No,2026-07-08,2026-09-16,ManualReview
CLM00752,Laptop,8,18,Active,Electrical Fault,0,Yes,Yes,No,Yes,Yes,1,No,No,No,2026-01-26,2026-09-23,ManualReview
CLM00131,Television,27,24,Expired,Electrical Fault,0,Yes,Yes,Yes,Yes,No,1,Yes,No,No,2024-06-25,2026-09-17,Invalid
CLM00405,Refrigerator,12,12,Expired,Electrical Fault,1,Yes,Yes,Yes,No,No,2,Yes,No,No,2025-09-19,2026-09-23,Invalid
CLM00314,Laptop,6,24,Active,Software Issue,0,Yes,Yes,Yes,Yes,Yes,0,Yes,No,No,2026-03-02,2026-09-16,Valid
CLM01491,Air Conditioner,23,24,Active,Electrical Fault,0,Yes,Yes,Yes,Yes,Yes,0,Yes,No,No,2024-10-25,2026-09-19,Valid
CLM01317,Air Conditioner,22,24,Active,Electrical Fault,0,Yes,Yes,Yes,Yes,Yes,0,Yes,No,No,2024-11-28,2026-09-22,Valid
CLM00932,Laptop,31,24,Expired,Mechanical Failure,0,Yes,Yes,Yes,Yes,Yes,0,No,No,Yes,2024-03-06,2026-09-15,Invalid
CLM00297,Mobile Phone,15,6,Expired,Overheating,1,Yes,Yes,Yes,No,No,2,Yes,No,No,2025-06-06,2026-09-19,Invalid
CLM00139,Laptop,25,18,Expired,Physical Damage,1,No,No,Yes,Yes,No,2,Yes,Yes,No,2024-08-28,2026-09-21,Invalid
CLM01487,Laptop,8,18,Active,Overheating,0,Yes,Yes,Yes,Yes,Yes,0,Yes,No,No,2026-01-05,2026-09-23,Valid
CLM00439,Mobile Phone,15,24,Active,Mechanical Failure,1,Yes,Yes,Yes,Yes,Yes,0,Yes,No,No,2025-06-30,2026-09-20,Valid
CLM00718,Refrigerator,6,12,Active,Water Damage,2,Yes,No,No,Yes,No,3,No,Yes,No,2026-03-03,2026-09-17,Invalid
CLM01494,Air Conditioner,20,24,Active,Mechanical Failure,0,Yes,Yes,Yes,Yes,No,1,Yes,No,No,2025-01-20,2026-09-20,Valid
CLM01311,Laptop,1,12,Active,Overheating,3,Yes,Yes,Yes,Yes,Yes,0,Yes,No,No,2026-07-31,2026-09-20,Valid
CLM00262,Laptop,12,18,Active,Software Issue,0,Yes,No,Yes,Yes,No,2,No,No,No,2025-09-18,2026-09-22,ManualReview
CLM00627,Washing Machine,31,24,Expired,Mechanical Failure,0,Yes,Yes,Yes,Yes,Yes,0,Yes,No,No,2024-02-09,2026-09-15,ManualReview
CLM01065,Laptop,6,18,Active,Overheating,0,Yes,Yes,Yes,Yes,No,1,Yes,No,No,2026-03-19,2026-09-16,Valid
CLM01307,Laptop,12,24,Active,Electrical Fault,1,Yes,Yes,Yes,Yes,Yes,0,Yes,No,No,2025-09-26,2026-09-21,Valid
CLM00800,Refrigerator,1,6,Active,Physical Damage,2,No,Yes,Yes,Yes,Yes,0,No,Yes,No,2026-08-20,2026-09-23,Invalid
CLM00670,Washing Machine,18,24,Active,Water Damage,0,Yes,Yes,No,No,No,3,Yes,Yes,No,2025-03-28,2026-09-22,Invalid
CLM01290,Washing Machine,1,6,Active,Overheating,1,Yes,Yes,Yes,No,Yes,1,Yes,No,No,2026-08-04,2026-09-14,Valid
CLM00502,Washing Machine,30,24,Expired,Mechanical Failure,1,No,Yes,Yes,Yes,Yes,0,Yes,No,Yes,2024-04-05,2026-09-16,Invalid
CLM00838,Air Conditioner,5,12,Active,Water Damage,0,Yes,Yes,Yes,Yes,Yes,0,Yes,Yes,No,2026-04-17,2026-09-21,ManualReview
CLM00351,Mobile Phone,16,12,Expired,Electrical Fault,0,Yes,No,Yes,Yes,No,2,Yes,No,No,2025-05-20,2026-09-18,Invalid
CLM00062,Laptop,10,6,Expired,Overheating,0,Yes,Yes,Yes,No,Yes,1,Yes,No,Yes,2025-11-13,2026-09-17,Invalid
CLM01462,Washing Machine,10,12,Active,Electrical Fault,0,Yes,Yes,No,Yes,Yes,1,Yes,No,No,2025-11-27,2026-09-16,Valid
CLM00987,Laptop,23,24,Active,Physical Damage,2,Yes,No,Yes,Yes,Yes,1,No,Yes,No,2024-10-07,2026-09-20,Invalid
CLM00085,Refrigerator,12,24,Active,Physical Damage,0,Yes,Yes,Yes,Yes,Yes,0,Yes,Yes,No,2025-09-04,2026-09-15,ManualReview
CLM00155,Laptop,5,12,Active,Software Issue,0,Yes,Yes,Yes,No,Yes,1,Yes,No,No,2026-04-07,2026-09-16,Valid
CLM01241,Refrigerator,3,6,Active,Overheating,0,Yes,Yes,Yes,Yes,Yes,0,Yes,No,No,2026-05-28,2026-09-18,Valid
CLM00686,Television,21,18,Expired,Physical Damage,3,No,No,Yes,No,Yes,2,Yes,Yes,No,2024-12-05,2026-09-23,Invalid
CLM00727,Mobile Phone,6,24,Active,Software Issue,3,Yes,Yes,Yes,Yes,No,1,No,No,No,2026-03-14,2026-09-16,Invalid
CLM00434,Refrigerator,15,24,Active,Mechanical Failure,0,Yes,Yes,Yes,Yes,No,1,Yes,No,No,2025-06-23,2026-09-22,Valid
CLM00220,Mobile Phone,19,12,Expired,Electrical Fault,0,Yes,Yes,Yes,Yes,Yes,0,Yes,No,Yes,2025-02-14,2026-09-14,Invalid
CLM00976,Television,1,6,Active,Physical Damage,0,Yes,No,No,No,Yes,3,Yes,Yes,No,2026-07-29,2026-09-21,Invalid
CLM00599,Washing Machine,6,6,Expired,Physical Damage,0,Yes,No,No,Yes,Yes,2,No,Yes,No,2026-02-26,2026-09-18,Invalid
CLM00978,Washing Machine,20,12,Expired,Water Damage,1,Yes,Yes,Yes,Yes,Yes,0,Yes,Yes,No,2025-01-03,2026-09-23,Invalid
CLM00274,Washing Machine,10,24,Active,Electrical Fault,1,No,No,Yes,Yes,Yes,1,Yes,No,No,2025-11-17,2026-09-20,ManualReview
CLM01248,Mobile Phone,1,6,Active,Electrical Fault,1,Yes,Yes,Yes,Yes,Yes,0,Yes,No,No,2026-07-29,2026-09-13,Valid
CLM01278,Television,0,12,Active,Overheating,0,Yes,Yes,Yes,Yes,Yes,0,Yes,No,No,2026-09-11,2026-09-22,Valid
CLM01032,Refrigerator,0,12,Active,Overheating,2,No,Yes,Yes,Yes,Yes,0,Yes,No,No,2026-09-10,2026-09-19,ManualReview
CLM00189,Washing Machine,11,12,Active,Electrical Fault,0,Yes,No,Yes,Yes,Yes,1,No,No,No,2025-10-26,2026-09-22,ManualReview
CLM01480,Laptop,0,6,Active,Electrical Fault,1,Yes,Yes,Yes,Yes,Yes,0,Yes,No,No,2026-08-28,2026-09-13,Valid
CLM01427,Laptop,13,18,Active,Software Issue,0,Yes,Yes,Yes,Yes,Yes,0,Yes,No,No,2025-08-12,2026-09-20,Valid
CLM00736,Laptop,4,12,Active,Electrical Fault,0,Yes,Yes,No,Yes,Yes,1,Yes,No,No,2026-05-12,2026-09-16,Valid
CLM00418,Laptop,32,24,Expired,Software Issue,0,Yes,Yes,Yes,Yes,Yes,0,Yes,No,No,2024-02-01,2026-09-18,ManualReview
CLM01395,Refrigerator,2,12,Active,Mechanical Failure,2,Yes,Yes,Yes,Yes,Yes,0,Yes,No,No,2026-06-29,2026-09-20,Valid
CLM01093,Television,20,12,Expired,Physical Damage,0,Yes,Yes,Yes,Yes,Yes,0,Yes,Yes,No,2025-01-07,2026-09-22,Invalid
CLM00522,Washing Machine,27,18,Expired,Physical Damage,0,Yes,Yes,Yes,Yes,No,1,Yes,Yes,Yes,2024-07-04,2026-09-22,Invalid
CLM00339,Television,1,12,Active,Physical Damage,0,Yes,No,Yes,Yes,Yes,1,Yes,Yes,No,2026-08-13,2026-09-20,ManualReview
CLM00237,Television,9,24,Active,Software Issue,2,No,Yes,Yes,Yes,Yes,0,Yes,No,No,2025-12-24,2026-09-18,ManualReview
CLM01498,Washing Machine,9,24,Active,Mechanical Failure,0,Yes,Yes,Yes,Yes,Yes,0,Yes,No,No,2025-11-28,2026-09-15,Valid
CLM00278,Television,0,6,Active,Mechanical Failure,0,Yes,No,Yes,Yes,Yes,1,Yes,No,No,2026-09-13,2026-09-18,Valid
CLM00368,Washing Machine,8,24,Active,Overheating,1,Yes,Yes,Yes,Yes,Yes,0,Yes,No,No,2026-01-10,2026-09-20,Valid
CLM00403,Refrigerator,1,6,Active,Physical Damage,0,Yes,Yes,Yes,Yes,Yes,0,Yes,Yes,No,2026-08-01,2026-09-21,ManualReview
CLM00119,Air Conditioner,9,18,Active,Mechanical Failure,0,Yes,Yes,Yes,No,Yes,1,Yes,No,No,2025-12-07,2026-09-22,Valid
CLM00851,Mobile Phone,12,6,Expired,Software Issue,2,Yes,Yes,No,Yes,Yes,1,Yes,No,No,2025-09-13,2026-09-17,Invalid
CLM01482,Refrigerator,2,24,Active,Software Issue,0,Yes,Yes,Yes,Yes,Yes,0,Yes,No,No,2026-07-07,2026-09-17,Valid
CLM00829,Television,17,18,Active,Overheating,0,Yes,Yes,Yes,No,No,2,No,No,No,2025-04-11,2026-09-23,ManualReview
CLM00575,Mobile Phone,31,24,Expired,Overheating,1,Yes,No,Yes,Yes,Yes,1,No,No,No,2024-02-10,2026-09-13,Invalid
CLM01232,Refrigerator,6,24,Active,Software Issue,0,Yes,Yes,Yes,Yes,Yes,0,Yes,No,No,2026-03-10,2026-09-17,Valid
CLM00740,Mobile Phone,15,18,Active,Overheating,0,Yes,Yes,Yes,Yes,Yes,0,Yes,No,No,2025-06-08,2026-09-15,Valid
CLM01428,Washing Machine,15,24,Active,Overheating,1,Yes,No,No,Yes,Yes,2,Yes,No,No,2025-06-05,2026-09-23,Valid
CLM00728,Washing Machine,10,6,Expired,Electrical Fault,0,Yes,Yes,No,Yes,No,2,Yes,No,No,2025-11-26,2026-09-16,Invalid
CLM00967,Air Conditioner,23,24,Active,Overheating,0,Yes,Yes,Yes,Yes,Yes,0,Yes,No,No,2024-10-05,2026-09-15,Valid
CLM00682,Television,9,24,Active,Mechanical Failure,0,Yes,Yes,Yes,Yes,No,1,Yes,No,No,2025-12-17,2026-09-13,Valid
CLM00243,Air Conditioner,1,6,Active,Overheating,2,No,Yes,Yes,Yes,Yes,0,No,No,No,2026-08-11,2026-09-13,ManualReview
CLM01095,Laptop,12,12,Expired,Physical Damage,1,No,Yes,No,Yes,Yes,1,Yes,Yes,No,2025-09-11,2026-09-20,Invalid
CLM01018,Laptop,11,6,Expired,Overheating,0,Yes,Yes,Yes,No,Yes,1,Yes,No,No,2025-10-10,2026-09-15,ManualReview
CLM01117,Laptop,25,24,Expired,Mechanical Failure,0,Yes,Yes,No,Yes,Yes,1,Yes,No,No,2024-08-26,2026-09-19,ManualReview
CLM01416,Television,4,6,Active,Mechanical Failure,0,Yes,Yes,Yes,Yes,Yes,0,Yes,No,No,2026-05-01,2026-09-21,Valid
CLM00843,Laptop,8,18,Active,Overheating,1,Yes,Yes,Yes,Yes,No,1,Yes,No,No,2026-01-24,2026-09-15,Valid
CLM00590,Television,16,18,Active,Software Issue,2,No,Yes,Yes,Yes,Yes,0,Yes,No,No,2025-05-15,2026-09-22,ManualReview
CLM00739,Washing Machine,2,18,Active,Physical Damage,1,Yes,Yes,Yes,Yes,Yes,0,Yes,Yes,No,2026-07-10,2026-09-21,ManualReview
CLM00608,Laptop,11,6,Expired,Overheating,0,Yes,No,Yes,Yes,No,2,No,No,No,2025-10-16,2026-09-15,Invalid
CLM00503,Television,13,24,Active,Water Damage,0,Yes,Yes,Yes,Yes,Yes,0,Yes,Yes,No,2025-08-22,2026-09-17,ManualReview
CLM01463,Mobile Phone,0,18,Active,Electrical Fault,0,Yes,Yes,Yes,Yes,Yes,0,Yes,No,No,2026-08-31,2026-09-15,Valid
CLM00615,Refrigerator,15,24,Active,Electrical Fault,2,Yes,Yes,Yes,Yes,No,1,Yes,No,No,2025-06-20,2026-09-19,ManualReview
CLM00465,Mobile Phone,8,12,Active,Electrical Fault,0,Yes,No,Yes,Yes,Yes,1,Yes,No,No,2026-01-02,2026-09-14,Valid
CLM00013,Mobile Phone,4,24,Active,Physical Damage,0,Yes,Yes,No,Yes,Yes,1,Yes,Yes,No,2026-05-11,2026-09-19,ManualReview
CLM01212,Laptop,8,12,Active,Mechanical Failure,2,Yes,No,Yes,Yes,Yes,1,Yes,No,No,2026-01-21,2026-09-22,ManualReview
CLM00160,Mobile Phone,0,12,Active,Physical Damage,0,Yes,Yes,Yes,Yes,Yes,0,No,Yes,No,2026-09-03,2026-09-13,Invalid
CLM00093,Mobile Phone,4,12,Active,Software Issue,0,Yes,No,Yes,Yes,Yes,1,Yes,No,No,2026-04-29,2026-09-19,Valid
CLM01495,Refrigerator,9,12,Active,Overheating,0,Yes,Yes,Yes,Yes,Yes,0,Yes,No,No,2025-12-05,2026-09-18,Valid
CLM01351,Laptop,1,6,Active,Software Issue,0,Yes,Yes,Yes,Yes,Yes,0,Yes,No,No,2026-07-27,2026-09-19,Valid
CLM01115,Laptop,28,24,Expired,Water Damage,1,Yes,No,No,No,Yes,3,Yes,Yes,No,2024-05-22,2026-09-16,Invalid
CLM01275,Refrigerator,3,6,Active,Overheating,1,Yes,Yes,Yes,Yes,Yes,0,Yes,No,No,2026-06-17,2026-09-18,Valid
CLM00467,Air Conditioner,15,24,Active,Software Issue,2,Yes,Yes,No,Yes,Yes,1,No,No,No,2025-06-23,2026-09-13,ManualReview
CLM01272,Washing Machine,3,12,Active,Electrical Fault,0,Yes,Yes,Yes,Yes,Yes,0,Yes,No,No,2026-06-16,2026-09-13,Valid
CLM01190,Mobile Phone,23,18,Expired,Mechanical Failure,1,Yes,Yes,Yes,Yes,Yes,0,Yes,No,No,2024-10-07,2026-09-16,ManualReview
CLM01238,Washing Machine,6,12,Active,Electrical Fault,0,Yes,Yes,Yes,Yes,Yes,0,Yes,No,No,2026-03-23,2026-09-13,Valid
CLM00183,Television,14,6,Expired,Physical Damage,0,Yes,Yes,Yes,Yes,Yes,0,No,Yes,No,2025-07-18,2026-09-17,Invalid
CLM00799,Air Conditioner,9,18,Active,Overheating,0,Yes,Yes,No,Yes,No,2,Yes,No,No,2025-12-22,2026-09-21,ManualReview
CLM00459,Air Conditioner,27,18,Expired,Electrical Fault,2,Yes,No,Yes,Yes,No,2,Yes,No,No,2024-06-10,2026-09-16,Invalid
CLM00003,Refrigerator,5,24,Active,Physical Damage,1,Yes,Yes,Yes,Yes,Yes,0,Yes,Yes,No,2026-04-19,2026-09-22,ManualReview
CLM01323,Television,12,24,Active,Software Issue,3,Yes,Yes,Yes,Yes,Yes,0,Yes,No,No,2025-09-19,2026-09-17,Valid
CLM00648,Laptop,20,12,Expired,Mechanical Failure,3,Yes,Yes,No,No,No,3,Yes,No,Yes,2025-01-02,2026-09-18,Invalid
CLM00920,Air Conditioner,7,12,Active,Software Issue,0,Yes,Yes,Yes,No,No,2,Yes,No,No,2026-02-22,2026-09-13,ManualReview
CLM00492,Washing Machine,14,12,Expired,Mechanical Failure,0,Yes,Yes,Yes,Yes,Yes,0,Yes,No,No,2025-07-28,2026-09-19,ManualReview
CLM01067,Refrigerator,18,24,Active,Water Damage,0,Yes,Yes,Yes,No,Yes,1,No,Yes,Yes,2025-03-23,2026-09-16,Invalid
CLM01180,Laptop,25,18,Expired,Mechanical Failure,1,Yes,Yes,No,Yes,Yes,1,Yes,No,No,2024-09-02,2026-09-14,ManualReview
CLM00070,Mobile Phone,5,18,Active,Water Damage,3,No,No,Yes,Yes,Yes,1,Yes,Yes,No,2026-04-02,2026-09-16,Invalid
CLM01118,Television,6,18,Active,Software Issue,2,Yes,No,Yes,Yes,Yes,1,Yes,No,No,2026-03-20,2026-09-23,ManualReview
CLM00421,Washing Machine,3,6,Active,Software Issue,1,Yes,Yes,Yes,No,Yes,1,Yes,No,No,2026-05-29,2026-09-20,ManualReview
CLM01004,Refrigerator,11,18,Active,Overheating,0,Yes,Yes,No,Yes,Yes,1,Yes,No,No,2025-10-18,2026-09-19,Valid
CLM01359,Mobile Phone,3,24,Active,Software Issue,0,Yes,Yes,Yes,Yes,Yes,0,Yes,No,No,2026-06-24,2026-09-16,Valid
CLM00271,Air Conditioner,7,12,Active,Software Issue,0,Yes,Yes,Yes,Yes,No,1,Yes,No,No,2026-02-17,2026-09-21,Valid
CLM01417,Washing Machine,6,18,Active,Mechanical Failure,0,Yes,Yes,Yes,Yes,Yes,0,Yes,No,No,2026-03-22,2026-09-18,Valid
CLM01345,Washing Machine,0,12,Active,Overheating,1,Yes,Yes,Yes,Yes,No,1,Yes,No,No,2026-09-06,2026-09-15,Valid
CLM00057,Air Conditioner,3,24,Active,Overheating,1,Yes,No,Yes,No,Yes,2,Yes,No,No,2026-06-18,2026-09-19,ManualReview
CLM01031,Mobile Phone,15,18,Active,Overheating,0,Yes,Yes,No,Yes,Yes,1,No,No,No,2025-06-18,2026-09-18,ManualReview
CLM00581,Air Conditioner,8,12,Active,Software Issue,0,Yes,Yes,No,Yes,Yes,1,Yes,No,No,2026-01-20,2026-09-14,Valid
CLM00623,Washing Machine,9,24,Active,Mechanical Failure,1,Yes,Yes,No,Yes,Yes,1,Yes,No,No,2025-12-18,2026-09-19,Valid
CLM01209,Air Conditioner,1,18,Active,Water Damage,0,Yes,Yes,Yes,No,Yes,1,Yes,Yes,No,2026-08-23,2026-09-20,ManualReview
CLM00145,Mobile Phone,17,24,Active,Physical Damage,1,Yes,Yes,Yes,Yes,Yes,0,Yes,Yes,No,2025-04-13,2026-09-15,ManualReview
CLM01053,Television,19,18,Expired,Water Damage,0,Yes,Yes,No,Yes,No,2,Yes,Yes,No,2025-02-07,2026-09-18,Invalid
CLM01381,Mobile Phone,21,24,Active,Mechanical Failure,0,Yes,Yes,No,No,Yes,2,Yes,No,No,2024-12-09,2026-09-15,Valid
CLM01245,Refrigerator,15,24,Active,Overheating,0,Yes,Yes,Yes,Yes,Yes,0,Yes,No,No,2025-06-22,2026-09-16,Valid
CLM00268,Mobile Phone,23,24,Active,Software Issue,0,Yes,Yes,No,No,No,3,Yes,No,No,2024-10-16,2026-09-23,ManualReview
CLM00004,Washing Machine,17,12,Expired,Water Damage,1,Yes,Yes,Yes,Yes,Yes,0,Yes,Yes,No,2025-04-23,2026-09-20,Invalid
CLM00488,Air Conditioner,13,12,Expired,Software Issue,1,Yes,No,Yes,Yes,Yes,1,Yes,No,No,2025-08-26,2026-09-21,Invalid
CLM00762,Air Conditioner,1,12,Active,Electrical Fault,0,Yes,Yes,Yes,Yes,Yes,0,Yes,No,No,2026-08-02,2026-09-16,Valid
CLM01240,Air Conditioner,17,24,Active,Overheating,0,Yes,Yes,Yes,Yes,Yes,0,Yes,No,No,2025-04-14,2026-09-15,Valid
CLM00302,Mobile Phone,14,24,Active,Physical Damage,0,Yes,Yes,Yes,Yes,No,1,Yes,Yes,No,2025-07-28,2026-09-14,ManualReview
CLM00409,Air Conditioner,27,18,Expired,Water Damage,1,Yes,No,Yes,Yes,No,2,Yes,Yes,No,2024-06-15,2026-09-23,Invalid
CLM01483,Refrigerator,8,12,Active,Mechanical Failure,1,Yes,Yes,Yes,Yes,Yes,0,Yes,No,No,2026-01-13,2026-09-16,Valid
CLM00772,Laptop,19,24,Active,Physical Damage,1,No,Yes,Yes,Yes,Yes,0,Yes,Yes,No,2025-02-14,2026-09-20,ManualReview
CLM01276,Television,17,18,Active,Electrical Fault,2,Yes,Yes,Yes,Yes,Yes,0,Yes,No,No,2025-04-03,2026-09-19,Valid
CLM00174,Washing Machine,8,12,Active,Physical Damage,0,Yes,Yes,Yes,No,Yes,1,Yes,Yes,Yes,2026-01-12,2026-09-15,Invalid
CLM01143,Television,2,12,Active,Electrical Fault,1,Yes,No,Yes,Yes,Yes,1,Yes,No,No,2026-07-03,2026-09-23,Valid
CLM00181,Mobile Phone,13,24,Active,Software Issue,0,Yes,Yes,Yes,Yes,Yes,0,Yes,No,No,2025-08-11,2026-09-17,Valid
CLM00813,Laptop,1,6,Active,Software Issue,2,Yes,Yes,Yes,Yes,Yes,0,Yes,No,No,2026-08-24,2026-09-13,ManualReview
CLM00720,Air Conditioner,18,18,Expired,Water Damage,0,Yes,Yes,Yes,Yes,Yes,0,No,Yes,No,2025-03-23,2026-09-17,Invalid
CLM01113,Television,3,12,Active,Electrical Fault,0,Yes,No,Yes,Yes,No,2,Yes,No,Yes,2026-06-20,2026-09-21,Invalid
CLM01382,Television,2,6,Active,Mechanical Failure,1,Yes,No,Yes,Yes,Yes,1,Yes,No,No,2026-06-27,2026-09-16,Valid
CLM00201,Mobile Phone,4,6,Active,Overheating,1,Yes,Yes,No,Yes,No,2,Yes,No,No,2026-05-11,2026-09-14,ManualReview
CLM00888,Laptop,21,12,Expired,Overheating,0,Yes,Yes,No,Yes,Yes,1,Yes,No,No,2024-12-03,2026-09-20,ManualReview
CLM00169,Refrigerator,33,24,Expired,Electrical Fault,0,Yes,No,Yes,Yes,No,2,No,No,Yes,2023-12-26,2026-09-13,Invalid
CLM00882,Television,18,12,Expired,Water Damage,2,Yes,Yes,Yes,Yes,Yes,0,Yes,Yes,No,2025-03-22,2026-09-18,Invalid
CLM00830,Mobile Phone,9,12,Active,Overheating,1,Yes,No,Yes,Yes,No,2,No,No,No,2025-12-20,2026-09-13,ManualReview
CLM00831,Mobile Phone,8,18,Active,Software Issue,0,Yes,Yes,Yes,Yes,Yes,0,No,No,No,2026-01-22,2026-09-22,ManualReview
CLM01013,Television,27,24,Expired,Mechanical Failure,1,Yes,No,Yes,No,Yes,2,Yes,No,Yes,2024-06-20,2026-09-18,Invalid
CLM00945,Laptop,9,18,Active,Mechanical Failure,0,Yes,Yes,Yes,Yes,Yes,0,No,No,No,2025-12-24,2026-09-22,Valid
CLM00937,Air Conditioner,11,6,Expired,Mechanical Failure,1,Yes,No,Yes,Yes,No,2,No,No,No,2025-09-30,2026-09-14,Invalid
CLM01298,Mobile Phone,17,18,Active,Mechanical Failure,2,Yes,Yes,Yes,No,Yes,1,Yes,No,No,2025-04-12,2026-09-15,Valid
CLM00600,Washing Machine,24,24,Active,Overheating,1,No,Yes,No,Yes,No,2,No,No,No,2024-10-03,2026-09-20,Invalid
CLM01406,Television,2,6,Active,Software Issue,0,Yes,No,Yes,Yes,Yes,1,Yes,No,No,2026-07-14,2026-09-15,Valid
CLM01061,Refrigerator,10,6,Expired,Electrical Fault,1,No,Yes,Yes,Yes,No,1,Yes,No,No,2025-11-18,2026-09-20,Invalid
CLM00224,Laptop,8,6,Expired,Mechanical Failure,0,Yes,No,Yes,Yes,Yes,1,Yes,No,No,2026-01-07,2026-09-21,Invalid
CLM01421,Laptop,17,24,Active,Software Issue,0,Yes,Yes,Yes,No,Yes,1,Yes,No,No,2025-04-20,2026-09-14,Valid
CLM01465,Washing Machine,16,18,Active,Electrical Fault,0,Yes,Yes,Yes,Yes,Yes,0,Yes,No,No,2025-05-03,2026-09-16,Valid
CLM00457,Refrigerator,25,24,Expired,Overheating,1,Yes,Yes,Yes,Yes,Yes,0,Yes,No,No,2024-08-24,2026-09-20,ManualReview
CLM01009,Washing Machine,13,12,Expired,Mechanical Failure,0,Yes,Yes,No,Yes,Yes,1,No,No,Yes,2025-08-01,2026-09-15,Invalid
CLM01120,Washing Machine,0,18,Active,Software Issue,0,Yes,Yes,Yes,No,Yes,1,Yes,No,No,2026-08-27,2026-09-14,Valid
CLM00394,Television,22,12,Expired,Physical Damage,0,Yes,Yes,Yes,Yes,Yes,0,Yes,Yes,No,2024-12-02,2026-09-16,Invalid
CLM01352,Refrigerator,9,24,Active,Overheating,1,Yes,Yes,No,Yes,Yes,1,Yes,No,No,2025-12-13,2026-09-14,Valid
CLM00815,Laptop,9,24,Active,Water Damage,3,No,Yes,Yes,Yes,Yes,0,Yes,Yes,No,2025-12-11,2026-09-20,Invalid
CLM00411,Laptop,3,18,Active,Software Issue,1,Yes,Yes,Yes,Yes,Yes,0,Yes,No,No,2026-06-22,2026-09-18,Valid
CLM00424,Air Conditioner,10,6,Expired,Mechanical Failure,2,No,Yes,Yes,Yes,Yes,0,Yes,No,No,2025-11-12,2026-09-23,ManualReview
CLM00613,Washing Machine,0,6,Active,Water Damage,1,Yes,No,No,Yes,Yes,2,No,Yes,No,2026-08-31,2026-09-18,Invalid
CLM01146,Air Conditioner,15,6,Expired,Mechanical Failure,1,Yes,Yes,Yes,Yes,Yes,0,Yes,No,No,2025-06-01,2026-09-16,ManualReview
CLM01262,Television,1,12,Active,Software Issue,0,Yes,Yes,Yes,Yes,No,1,Yes,No,No,2026-08-10,2026-09-20,Valid
CLM01343,Washing Machine,4,18,Active,Mechanical Failure,0,Yes,Yes,Yes,Yes,No,1,Yes,No,No,2026-05-22,2026-09-20,Valid
CLM00552,Laptop,4,6,Active,Software Issue,0,Yes,No,No,Yes,Yes,2,No,No,No,2026-05-17,2026-09-16,ManualReview
CLM01472,Laptop,18,24,Active,Software Issue,2,Yes,Yes,Yes,No,Yes,1,Yes,No,No,2025-03-14,2026-09-22,Valid
CLM00853,Laptop,20,12,Expired,Electrical Fault,1,Yes,Yes,No,Yes,Yes,1,Yes,No,No,2025-01-13,2026-09-14,ManualReview
CLM01134,Washing Machine,0,6,Active,Electrical Fault,3,Yes,Yes,Yes,Yes,Yes,0,Yes,No,No,2026-09-05,2026-09-14,Valid
CLM00583,Mobile Phone,6,6,Expired,Mechanical Failure,0,Yes,Yes,Yes,Yes,Yes,0,Yes,No,No,2026-03-06,2026-09-15,ManualReview
CLM00953,Laptop,7,6,Expired,Physical Damage,0,Yes,No,No,Yes,Yes,2,Yes,Yes,No,2026-02-03,2026-09-15,Invalid
CLM00573,Refrigerator,15,12,Expired,Mechanical Failure,1,No,Yes,No,Yes,Yes,1,Yes,No,No,2025-06-18,2026-09-21,Invalid
CLM00156,Refrigerator,11,6,Expired,Water Damage,2,Yes,Yes,Yes,Yes,Yes,0,Yes,Yes,No,2025-10-25,2026-09-19,Invalid
CLM01203,Refrigerator,13,24,Active,Software Issue,1,Yes,No,Yes,Yes,Yes,1,Yes,No,No,2025-08-20,2026-09-18,Valid
CLM01454,Mobile Phone,12,24,Active,Electrical Fault,1,Yes,No,Yes,Yes,Yes,1,Yes,No,No,2025-09-09,2026-09-23,Valid
CLM00171,Air Conditioner,1,6,Active,Electrical Fault,1,No,Yes,Yes,Yes,Yes,0,Yes,No,No,2026-08-14,2026-09-21,Valid
CLM00356,Mobile Phone,8,24,Active,Mechanical Failure,0,Yes,Yes,Yes,Yes,Yes,0,Yes,No,No,2026-01-07,2026-09-14,Valid
CLM00516,Mobile Phone,0,12,Active,Software Issue,0,Yes,Yes,No,No,Yes,2,Yes,No,No,2026-09-07,2026-09-22,ManualReview
CLM00995,Laptop,31,24,Expired,Mechanical Failure,1,No,Yes,Yes,Yes,Yes,0,Yes,No,No,2024-02-20,2026-09-20,ManualReview
CLM00188,Television,21,24,Active,Electrical Fault,0,Yes,Yes,No,Yes,No,2,Yes,No,No,2024-12-14,2026-09-20,ManualReview
CLM01431,Mobile Phone,10,18,Active,Overheating,0,Yes,Yes,Yes,Yes,Yes,0,Yes,No,No,2025-11-04,2026-09-19,Valid
CLM00539,Refrigerator,12,18,Active,Water Damage,1,Yes,No,Yes,No,Yes,2,No,Yes,No,2025-09-08,2026-09-18,Invalid
CLM00358,Washing Machine,11,24,Active,Software Issue,1,Yes,Yes,Yes,No,No,2,Yes,No,No,2025-09-30,2026-09-20,ManualReview
CLM00014,Air Conditioner,3,6,Active,Electrical Fault,3,Yes,Yes,Yes,Yes,Yes,0,No,No,No,2026-05-31,2026-09-19,ManualReview
CLM00138,Television,16,24,Active,Overheating,1,No,No,Yes,Yes,Yes,1,No,No,No,2025-05-30,2026-09-14,ManualReview
CLM00879,Television,2,6,Active,Electrical Fault,1,Yes,Yes,Yes,Yes,Yes,0,No,No,No,2026-07-21,2026-09-15,ManualReview
CLM00596,Washing Machine,0,18,Active,Mechanical Failure,1,No,Yes,No,Yes,Yes,1,Yes,No,No,2026-08-30,2026-09-23,ManualReview
CLM00594,Laptop,21,24,Active,Electrical Fault,3,No,Yes,Yes,Yes,Yes,0,Yes,No,No,2024-12-07,2026-09-13,ManualReview
CLM01157,Television,8,24,Active,Electrical Fault,0,Yes,No,Yes,Yes,No,2,Yes,No,No,2026-01-03,2026-09-20,ManualReview
CLM00250,Television,6,6,Expired,Software Issue,3,No,No,Yes,Yes,Yes,1,Yes,No,No,2026-03-19,2026-09-23,Invalid
CLM00190,Air Conditioner,14,12,Expired,Software Issue,0,Yes,No,Yes,Yes,Yes,1,Yes,No,No,2025-07-17,2026-09-21,ManualReview
CLM00777,Television,8,6,Expired,Electrical Fault,2,No,Yes,Yes,Yes,Yes,0,Yes,No,No,2026-01-26,2026-09-20,Invalid
CLM00563,Mobile Phone,9,18,Active,Overheating,0,Yes,Yes,Yes,Yes,Yes,0,Yes,No,No,2025-11-29,2026-09-13,Valid
CLM00080,Refrigerator,2,12,Active,Water Damage,0,Yes,Yes,No,No,Yes,2,Yes,Yes,No,2026-07-07,2026-09-16,Invalid
CLM00073,Mobile Phone,3,12,Active,Water Damage,1,No,Yes,Yes,No,No,2,No,Yes,Yes,2026-06-03,2026-09-19,Invalid
CLM00883,Washing Machine,32,24,Expired,Electrical Fault,1,Yes,Yes,Yes,Yes,Yes,0,Yes,No,No,2024-01-30,2026-09-19,ManualReview
CLM00423,Refrigerator,6,12,Active,Mechanical Failure,2,Yes,Yes,Yes,Yes,Yes,0,No,No,No,2026-03-14,2026-09-17,ManualReview
CLM00430,Air Conditioner,21,12,Expired,Overheating,1,Yes,Yes,Yes,Yes,Yes,0,Yes,No,No,2024-12-12,2026-09-20,ManualReview
CLM00280,Air Conditioner,14,12,Expired,Overheating,1,Yes,Yes,Yes,Yes,Yes,0,No,No,No,2025-07-15,2026-09-13,Invalid
CLM00058,Air Conditioner,2,6,Active,Software Issue,0,Yes,Yes,Yes,Yes,Yes,0,Yes,No,Yes,2026-07-25,2026-09-19,ManualReview
CLM01271,Television,3,6,Active,Electrical Fault,2,Yes,Yes,Yes,Yes,Yes,0,Yes,No,No,2026-06-03,2026-09-23,Valid
CLM00871,Laptop,10,12,Active,Software Issue,0,Yes,Yes,No,Yes,No,2,Yes,No,No,2025-11-05,2026-09-17,ManualReview
CLM00270,Mobile Phone,32,24,Expired,Mechanical Failure,1,Yes,Yes,No,Yes,Yes,1,No,No,No,2024-01-13,2026-09-16,Invalid
CLM00114,Mobile Phone,0,24,Active,Overheating,1,No,Yes,Yes,Yes,Yes,0,Yes,No,No,2026-09-08,2026-09-13,ManualReview
CLM01077,Air Conditioner,24,24,Expired,Physical Damage,0,Yes,No,No,Yes,No,3,Yes,Yes,Yes,2024-09-23,2026-09-20,Invalid
CLM01372,Refrigerator,1,12,Active,Software Issue,0,Yes,Yes,Yes,Yes,Yes,0,Yes,No,No,2026-07-30,2026-09-20,Valid
CLM00186,Mobile Phone,14,12,Expired,Electrical Fault,1,Yes,Yes,Yes,Yes,Yes,0,No,No,No,2025-07-20,2026-09-16,Invalid
CLM01060,Laptop,19,12,Expired,Water Damage,1,Yes,Yes,Yes,Yes,Yes,0,Yes,Yes,No,2025-02-05,2026-09-16,Invalid
CLM00414,Laptop,1,6,Active,Software Issue,0,Yes,No,No,Yes,Yes,2,No,No,No,2026-07-31,2026-09-19,ManualReview
CLM00365,Television,3,18,Active,Electrical Fault,0,Yes,Yes,No,Yes,No,2,Yes,No,No,2026-06-12,2026-09-21,ManualReview
CLM01237,Mobile Phone,7,24,Active,Electrical Fault,1,Yes,Yes,Yes,No,Yes,1,Yes,No,No,2026-02-14,2026-09-22,Valid
CLM00209,Air Conditioner,22,18,Expired,Water Damage,0,Yes,Yes,Yes,Yes,No,1,Yes,Yes,No,2024-11-14,2026-09-13,Invalid
CLM01050,Refrigerator,16,12,Expired,Water Damage,3,No,No,Yes,Yes,Yes,1,No,Yes,No,2025-05-06,2026-09-16,Invalid
CLM01152,Mobile Phone,8,24,Active,Physical Damage,1,Yes,No,No,Yes,Yes,2,Yes,Yes,No,2026-01-10,2026-09-18,ManualReview
CLM00410,Laptop,31,24,Expired,Mechanical Failure,0,Yes,Yes,Yes,Yes,Yes,0,Yes,No,No,2024-02-28,2026-09-22,ManualReview
CLM00197,Refrigerator,13,12,Expired,Physical Damage,0,Yes,Yes,No,Yes,No,2,No,Yes,No,2025-08-01,2026-09-19,Invalid
CLM01160,Mobile Phone,1,6,Active,Software Issue,1,Yes,Yes,Yes,Yes,Yes,0,Yes,No,No,2026-08-14,2026-09-20,Valid
CLM00204,Refrigerator,12,12,Expired,Mechanical Failure,0,Yes,Yes,Yes,Yes,Yes,0,Yes,No,No,2025-09-12,2026-09-20,ManualReview
CLM00924,Washing Machine,4,24,Active,Water Damage,0,Yes,Yes,Yes,No,No,2,Yes,Yes,No,2026-05-18,2026-09-20,Invalid
CLM01354,Television,0,24,Active,Overheating,0,Yes,Yes,No,Yes,Yes,1,Yes,No,No,2026-09-01,2026-09-13,Valid
CLM00364,Washing Machine,3,6,Active,Mechanical Failure,0,Yes,Yes,Yes,Yes,Yes,0,Yes,No,No,2026-06-04,2026-09-23,Valid
CLM01304,Refrigerator,4,12,Active,Overheating,1,Yes,Yes,Yes,Yes,Yes,0,Yes,No,No,2026-04-27,2026-09-22,Valid
CLM01156,Mobile Phone,16,12,Expired,Overheating,1,Yes,Yes,Yes,Yes,Yes,0,Yes,No,No,2025-05-18,2026-09-19,ManualReview
CLM00784,Washing Machine,12,6,Expired,Software Issue,0,Yes,No,No,Yes,Yes,2,No,No,No,2025-09-06,2026-09-19,Invalid
CLM00669,Mobile Phone,18,12,Expired,Overheating,0,Yes,Yes,Yes,Yes,Yes,0,Yes,No,No,2025-03-09,2026-09-13,ManualReview
CLM01125,Air Conditioner,3,12,Active,Electrical Fault,0,Yes,Yes,No,No,Yes,2,Yes,No,No,2026-06-14,2026-09-15,ManualReview
CLM00514,Television,13,12,Expired,Overheating,0,Yes,Yes,Yes,Yes,Yes,0,Yes,No,No,2025-08-15,2026-09-13,ManualReview
CLM01368,Air Conditioner,12,24,Active,Software Issue,1,Yes,Yes,Yes,No,Yes,1,Yes,No,No,2025-09-23,2026-09-13,Valid
CLM00916,Refrigerator,17,24,Active,Physical Damage,0,Yes,Yes,Yes,Yes,Yes,0,Yes,Yes,No,2025-04-18,2026-09-21,ManualReview
CLM00476,Refrigerator,22,24,Active,Overheating,0,Yes,Yes,Yes,Yes,Yes,0,Yes,No,Yes,2024-11-10,2026-09-23,ManualReview
CLM00770,Washing Machine,25,24,Expired,Software Issue,0,Yes,No,Yes,Yes,Yes,1,Yes,No,No,2024-09-02,2026-09-17,ManualReview
CLM00589,Television,20,12,Expired,Electrical Fault,0,Yes,Yes,No,Yes,Yes,1,Yes,No,No,2025-01-19,2026-09-14,ManualReview
CLM00498,Laptop,8,6,Expired,Mechanical Failure,0,Yes,No,Yes,Yes,Yes,1,Yes,No,No,2026-01-25,2026-09-23,Invalid
CLM01234,Laptop,9,24,Active,Overheating,0,Yes,Yes,No,Yes,Yes,1,Yes,No,No,2025-12-21,2026-09-23,Valid
CLM00246,Mobile Phone,12,12,Expired,Mechanical Failure,0,Yes,No,Yes,Yes,Yes,1,No,No,No,2025-09-09,2026-09-22,Invalid
CLM01130,Television,22,24,Active,Software Issue,1,Yes,No,Yes,Yes,Yes,1,Yes,No,No,2024-11-16,2026-09-19,Valid
CLM00659,Refrigerator,1,18,Active,Overheating,0,Yes,No,Yes,No,No,3,Yes,No,No,2026-08-04,2026-09-22,ManualReview
CLM00477,Television,10,18,Active,Mechanical Failure,1,Yes,Yes,Yes,Yes,No,1,Yes,No,No,2025-11-04,2026-09-18,Valid
CLM01034,Refrigerator,2,24,Active,Electrical Fault,0,Yes,Yes,Yes,Yes,Yes,0,No,No,No,2026-07-22,2026-09-17,ManualReview
CLM00214,Laptop,7,6,Expired,Physical Damage,2,Yes,Yes,Yes,Yes,Yes,0,Yes,Yes,No,2026-01-30,2026-09-13,Invalid
CLM00390,Refrigerator,27,24,Expired,Overheating,0,Yes,Yes,Yes,Yes,Yes,0,Yes,No,No,2024-06-13,2026-09-23,ManualReview
CLM00645,Television,2,24,Active,Overheating,1,Yes,Yes,No,Yes,Yes,1,Yes,No,No,2026-07-07,2026-09-18,Valid
CLM00699,Laptop,9,24,Active,Electrical Fault,0,Yes,No,Yes,Yes,Yes,1,Yes,No,No,2025-11-29,2026-09-23,ManualReview
CLM00644,Mobile Phone,22,18,Expired,Physical Damage,0,Yes,Yes,Yes,No,Yes,1,Yes,Yes,No,2024-11-04,2026-09-19,Invalid
CLM01091,Washing Machine,8,6,Expired,Electrical Fault,0,Yes,No,No,Yes,Yes,2,Yes,No,Yes,2026-01-22,2026-09-22,Invalid
CLM00687,Air Conditioner,24,18,Expired,Water Damage,0,Yes,Yes,Yes,Yes,No,1,No,Yes,No,2024-09-12,2026-09-14,Invalid
CLM00678,Air Conditioner,22,18,Expired,Software Issue,1,No,Yes,Yes,Yes,Yes,0,Yes,No,No,2024-11-04,2026-09-22,ManualReview
CLM00374,Laptop,2,6,Active,Water Damage,0,Yes,Yes,No,Yes,Yes,1,Yes,Yes,No,2026-07-01,2026-09-22,ManualReview
CLM00744,Refrigerator,18,18,Expired,Water Damage,0,Yes,No,Yes,Yes,Yes,1,Yes,Yes,No,2025-03-27,2026-09-17,Invalid
CLM01383,Refrigerator,16,24,Active,Software Issue,0,Yes,No,Yes,No,Yes,2,Yes,No,No,2025-05-23,2026-09-22,Valid
CLM00091,Air Conditioner,13,6,Expired,Physical Damage,0,Yes,Yes,Yes,Yes,Yes,0,No,Yes,No,2025-08-27,2026-09-20,Invalid
CLM01215,Refrigerator,5,12,Active,Electrical Fault,0,Yes,Yes,Yes,Yes,Yes,0,No,No,No,2026-03-30,2026-09-22,ManualReview
CLM00300,Air Conditioner,11,18,Active,Physical Damage,0,Yes,Yes,No,Yes,Yes,1,Yes,Yes,No,2025-10-17,2026-09-23,ManualReview
CLM01325,Washing Machine,5,6,Active,Electrical Fault,0,Yes,Yes,No,Yes,Yes,1,Yes,No,No,2026-03-28,2026-09-13,Valid
CLM01362,Laptop,17,24,Active,Mechanical Failure,1,Yes,Yes,Yes,Yes,Yes,0,Yes,No,No,2025-04-12,2026-09-13,Valid
CLM01207,Mobile Phone,1,24,Active,Water Damage,0,Yes,Yes,No,Yes,Yes,1,Yes,Yes,No,2026-08-07,2026-09-14,ManualReview
CLM00066,Washing Machine,8,6,Expired,Software Issue,0,Yes,No,Yes,Yes,No,2,Yes,No,No,2026-01-19,2026-09-14,ManualReview
CLM00504,Air Conditioner,16,24,Active,Mechanical Failure,2,Yes,Yes,Yes,Yes,Yes,0,No,No,Yes,2025-05-30,2026-09-19,Invalid
CLM01333,Mobile Phone,13,24,Active,Mechanical Failure,1,Yes,Yes,Yes,Yes,Yes,0,No,No,No,2025-08-19,2026-09-18,Valid
CLM01430,Mobile Phone,9,12,Active,Software Issue,1,No,Yes,No,Yes,Yes,1,Yes,No,No,2025-12-12,2026-09-14,Valid
CLM00614,Air Conditioner,19,24,Active,Software Issue,1,No,No,No,Yes,Yes,2,Yes,No,No,2025-02-17,2026-09-19,ManualReview
CLM01426,Laptop,16,18,Active,Electrical Fault,1,Yes,No,Yes,Yes,Yes,1,Yes,No,No,2025-05-20,2026-09-18,Valid
CLM00279,Washing Machine,12,6,Expired,Physical Damage,1,Yes,Yes,No,Yes,Yes,1,Yes,Yes,No,2025-09-08,2026-09-22,Invalid
CLM00298,Refrigerator,1,24,Active,Overheating,2,Yes,Yes,No,Yes,Yes,1,No,No,No,2026-08-09,2026-09-17,ManualReview
CLM00402,Mobile Phone,13,6,Expired,Water Damage,2,Yes,Yes,Yes,No,Yes,1,Yes,Yes,No,2025-08-14,2026-09-21,Invalid
CLM00458,Air Conditioner,12,12,Expired,Physical Damage,0,Yes,Yes,Yes,Yes,No,1,Yes,Yes,No,2025-09-06,2026-09-14,Invalid
CLM00602,Laptop,24,24,Expired,Electrical Fault,2,Yes,Yes,Yes,Yes,Yes,0,No,No,No,2024-09-24,2026-09-22,Invalid
CLM01255,Mobile Phone,5,24,Active,Electrical Fault,1,Yes,Yes,Yes,Yes,No,1,Yes,No,No,2026-04-15,2026-09-16,Valid
CLM00259,Laptop,25,24,Expired,Overheating,1,No,Yes,Yes,Yes,Yes,0,Yes,No,No,2024-08-26,2026-09-18,ManualReview
CLM00951,Washing Machine,4,6,Active,Physical Damage,0,Yes,Yes,No,Yes,Yes,1,No,Yes,Yes,2026-05-17,2026-09-13,Invalid
CLM00450,Washing Machine,16,24,Active,Mechanical Failure,0,Yes,Yes,No,No,Yes,2,Yes,No,No,2025-05-28,2026-09-22,ManualReview
CLM00383,Television,8,6,Expired,Mechanical Failure,1,Yes,Yes,Yes,No,No,2,Yes,No,No,2026-01-02,2026-09-14,Invalid
CLM00781,Refrigerator,15,6,Expired,Water Damage,0,Yes,No,Yes,Yes,Yes,1,Yes,Yes,No,2025-06-11,2026-09-19,Invalid
CLM00705,Mobile Phone,8,6,Expired,Water Damage,2,No,Yes,Yes,Yes,Yes,0,Yes,Yes,No,2026-01-21,2026-09-17,Invalid
CLM01170,Air Conditioner,2,18,Active,Physical Damage,0,Yes,Yes,Yes,Yes,Yes,0,Yes,Yes,No,2026-06-29,2026-09-20,ManualReview
CLM00496,Laptop,16,24,Active,Software Issue,1,Yes,Yes,Yes,No,Yes,1,Yes,No,No,2025-05-23,2026-09-21,Valid
CLM01103,Washing Machine,21,24,Active,Physical Damage,1,Yes,Yes,Yes,Yes,Yes,0,Yes,Yes,No,2024-12-21,2026-09-14,ManualReview
CLM01266,Refrigerator,4,12,Active,Electrical Fault,0,Yes,Yes,Yes,Yes,No,1,Yes,No,No,2026-04-27,2026-09-18,Valid
CLM01288,Television,6,12,Active,Software Issue,1,Yes,Yes,Yes,Yes,Yes,0,Yes,No,No,2026-03-07,2026-09-19,Valid
CLM01201,Mobile Phone,21,24,Active,Physical Damage,0,Yes,No,Yes,Yes,Yes,1,Yes,Yes,No,2024-12-15,2026-09-17,ManualReview
CLM00903,Washing Machine,8,6,Expired,Water Damage,2,Yes,Yes,No,Yes,No,2,Yes,Yes,No,2026-01-23,2026-09-21,Invalid
CLM01218,Laptop,14,12,Expired,Software Issue,0,Yes,Yes,Yes,Yes,Yes,0,Yes,No,No,2025-07-21,2026-09-15,ManualReview
CLM01079,Refrigerator,0,6,Active,Physical Damage,0,Yes,Yes,No,Yes,Yes,1,No,Yes,No,2026-08-31,2026-09-16,Invalid
CLM00082,Mobile Phone,7,6,Expired,Electrical Fault,2,Yes,Yes,Yes,No,No,2,Yes,No,No,2026-02-21,2026-09-13,Invalid
CLM00002,Refrigerator,2,24,Active,Mechanical Failure,2,Yes,Yes,Yes,No,Yes,1,Yes,No,No,2026-07-15,2026-09-23,ManualReview
CLM01216,Mobile Phone,13,18,Active,Mechanical Failure,0,Yes,Yes,Yes,Yes,Yes,0,Yes,No,No,2025-08-16,2026-09-16,Valid
CLM00660,Air Conditioner,22,24,Active,Software Issue,1,Yes,Yes,Yes,Yes,Yes,0,Yes,No,No,2024-12-02,2026-09-22,Valid
CLM00392,Air Conditioner,9,12,Active,Water Damage,2,Yes,Yes,Yes,Yes,No,1,No,Yes,No,2025-12-08,2026-09-15,Invalid
CLM00177,Air Conditioner,14,12,Expired,Overheating,2,Yes,No,Yes,Yes,No,2,Yes,No,No,2025-07-18,2026-09-19,Invalid
CLM01001,Mobile Phone,16,18,Active,Overheating,1,Yes,Yes,Yes,Yes,Yes,0,Yes,No,No,2025-05-24,2026-09-17,Valid
CLM00083,Air Conditioner,6,6,Expired,Physical Damage,1,Yes,Yes,Yes,Yes,Yes,0,Yes,Yes,No,2026-02-26,2026-09-16,Invalid
CLM00211,Refrigerator,2,6,Active,Mechanical Failure,1,Yes,No,Yes,No,No,3,Yes,No,No,2026-07-21,2026-09-21,ManualReview
CLM00428,Laptop,1,12,Active,Water Damage,1,Yes,Yes,Yes,Yes,Yes,0,Yes,Yes,No,2026-08-06,2026-09-19,ManualReview
CLM00288,Television,11,6,Expired,Software Issue,1,Yes,Yes,No,Yes,Yes,1,Yes,No,No,2025-10-15,2026-09-19,ManualReview
CLM01089,Laptop,13,18,Active,Physical Damage,1,Yes,Yes,No,Yes,No,2,No,Yes,No,2025-08-27,2026-09-14,Invalid
CLM01286,Refrigerator,2,12,Active,Overheating,1,Yes,Yes,No,Yes,Yes,1,Yes,No,No,2026-06-30,2026-09-23,Valid
CLM00834,Air Conditioner,12,6,Expired,Water Damage,2,Yes,No,No,Yes,Yes,2,Yes,Yes,No,2025-09-04,2026-09-16,Invalid
CLM01375,Mobile Phone,21,24,Active,Mechanical Failure,0,Yes,Yes,Yes,Yes,No,1,Yes,No,No,2024-12-23,2026-09-13,Valid
CLM00474,Television,31,24,Expired,Electrical Fault,2,Yes,Yes,Yes,Yes,Yes,0,Yes,No,No,2024-02-29,2026-09-22,ManualReview
CLM00179,Air Conditioner,15,24,Active,Software Issue,0,Yes,Yes,No,Yes,Yes,1,Yes,No,No,2025-06-16,2026-09-18,Valid
CLM00125,Refrigerator,27,24,Expired,Electrical Fault,1,Yes,Yes,No,Yes,No,2,Yes,No,No,2024-06-25,2026-09-19,Invalid
CLM01164,Washing Machine,6,12,Active,Electrical Fault,0,Yes,Yes,No,Yes,Yes,1,Yes,No,No,2026-03-14,2026-09-16,Valid
CLM00121,Laptop,5,12,Active,Overheating,0,Yes,Yes,No,No,Yes,2,Yes,No,No,2026-04-17,2026-09-21,ManualReview
CLM00970,Refrigerator,23,18,Expired,Physical Damage,0,Yes,Yes,Yes,Yes,Yes,0,Yes,Yes,Yes,2024-10-27,2026-09-16,Invalid
CLM00715,Mobile Phone,31,24,Expired,Electrical Fault,3,Yes,Yes,No,No,Yes,2,Yes,No,No,2024-02-09,2026-09-17,Invalid
CLM00244,Washing Machine,4,6,Active,Physical Damage,1,Yes,Yes,Yes,Yes,Yes,0,No,Yes,No,2026-05-02,2026-09-14,Invalid
CLM00990,Refrigerator,33,24,Expired,Electrical Fault,0,Yes,No,Yes,Yes,No,2,Yes,No,No,2023-12-22,2026-09-14,Invalid
CLM00248,Washing Machine,7,12,Active,Water Damage,1,Yes,Yes,Yes,Yes,Yes,0,Yes,Yes,Yes,2026-02-19,2026-09-18,Invalid
CLM01102,Television,4,18,Active,Software Issue,2,Yes,Yes,Yes,Yes,Yes,0,Yes,No,No,2026-05-08,2026-09-21,Valid
CLM00508,Television,13,12,Expired,Mechanical Failure,0,Yes,Yes,Yes,Yes,Yes,0,No,No,No,2025-08-21,2026-09-21,Invalid
CLM01003,Refrigerator,20,12,Expired,Overheating,1,No,Yes,No,Yes,Yes,1,No,No,No,2025-01-04,2026-09-18,Invalid
CLM00417,Air Conditioner,16,12,Expired,Software Issue,0,Yes,Yes,Yes,Yes,Yes,0,Yes,No,No,2025-05-27,2026-09-21,ManualReview
CLM00547,Air Conditioner,5,12,Active,Overheating,1,Yes,No,Yes,Yes,No,2,No,No,No,2026-04-20,2026-09-22,ManualReview
CLM00263,Television,13,6,Expired,Mechanical Failure,0,Yes,Yes,Yes,No,Yes,1,Yes,No,No,2025-08-22,2026-09-14,ManualReview
CLM00926,Television,13,12,Expired,Electrical Fault,1,No,Yes,Yes,No,No,2,Yes,No,No,2025-08-16,2026-09-13,Invalid
CLM00484,Television,1,24,Active,Electrical Fault,0,Yes,Yes,Yes,Yes,Yes,0,Yes,No,No,2026-08-23,2026-09-16,Valid
CLM00489,Television,1,24,Active,Water Damage,2,Yes,Yes,Yes,No,No,2,No,Yes,No,2026-08-07,2026-09-16,Invalid
CLM00295,Refrigerator,18,24,Active,Electrical Fault,0,Yes,No,Yes,Yes,Yes,1,Yes,No,No,2025-03-23,2026-09-13,Valid
CLM00711,Refrigerator,2,12,Active,Electrical Fault,0,Yes,Yes,Yes,Yes,Yes,0,No,No,No,2026-06-30,2026-09-19,ManualReview
CLM00901,Refrigerator,10,12,Active,Mechanical Failure,0,Yes,Yes,Yes,Yes,Yes,0,Yes,No,No,2025-11-26,2026-09-15,Valid
CLM00375,Television,6,24,Active,Electrical Fault,0,Yes,Yes,No,Yes,Yes,1,No,No,No,2026-03-24,2026-09-15,ManualReview
CLM00354,Refrigerator,3,12,Active,Software Issue,1,Yes,Yes,No,Yes,No,2,No,No,No,2026-06-23,2026-09-17,ManualReview
CLM01073,Mobile Phone,20,24,Active,Physical Damage,0,Yes,No,Yes,Yes,Yes,1,Yes,Yes,No,2025-01-08,2026-09-16,Invalid
CLM00159,Refrigerator,7,12,Active,Overheating,1,No,No,Yes,Yes,Yes,1,Yes,No,No,2026-02-24,2026-09-13,ManualReview
CLM00706,Television,17,12,Expired,Physical Damage,3,Yes,Yes,Yes,Yes,Yes,0,Yes,Yes,No,2025-04-29,2026-09-19,Invalid
CLM00577,Laptop,10,6,Expired,Mechanical Failure,0,Yes,Yes,Yes,Yes,Yes,0,Yes,No,No,2025-11-26,2026-09-16,ManualReview
CLM01198,Laptop,1,18,Active,Mechanical Failure,3,Yes,Yes,Yes,No,No,2,Yes,No,No,2026-08-13,2026-09-13,ManualReview
CLM01138,Refrigerator,12,6,Expired,Software Issue,0,Yes,Yes,Yes,Yes,Yes,0,Yes,No,No,2025-09-08,2026-09-16,ManualReview
CLM01023,Television,4,6,Active,Overheating,1,Yes,Yes,Yes,Yes,Yes,0,Yes,No,No,2026-05-14,2026-09-19,Valid
CLM00911,Air Conditioner,7,12,Active,Mechanical Failure,1,Yes,Yes,Yes,Yes,Yes,0,No,No,No,2026-02-14,2026-09-22,ManualReview
CLM00624,Refrigerator,21,12,Expired,Overheating,1,Yes,Yes,Yes,Yes,Yes,0,Yes,No,No,2024-12-22,2026-09-23,ManualReview
CLM00102,Air Conditioner,1,6,Active,Mechanical Failure,2,No,Yes,No,Yes,Yes,1,No,No,No,2026-08-11,2026-09-17,ManualReview
CLM01035,Refrigerator,15,6,Expired,Electrical Fault,0,Yes,Yes,Yes,Yes,No,1,Yes,No,No,2025-06-14,2026-09-20,Invalid
CLM00726,Television,10,6,Expired,Water Damage,0,Yes,No,Yes,Yes,Yes,1,Yes,Yes,No,2025-11-08,2026-09-22,Invalid
CLM01364,Laptop,6,18,Active,Overheating,2,Yes,Yes,Yes,Yes,Yes,0,Yes,No,No,2026-03-03,2026-09-21,Valid
CLM00429,Mobile Phone,5,12,Active,Software Issue,0,Yes,Yes,No,Yes,Yes,1,No,No,No,2026-04-08,2026-09-16,ManualReview
CLM00478,Mobile Phone,30,24,Expired,Software Issue,0,Yes,Yes,Yes,No,Yes,1,Yes,No,No,2024-03-11,2026-09-20,ManualReview
CLM01347,Mobile Phone,5,24,Active,Software Issue,0,Yes,Yes,Yes,Yes,Yes,0,Yes,No,No,2026-04-07,2026-09-15,Valid
CLM00022,Mobile Phone,18,12,Expired,Software Issue,0,Yes,Yes,No,Yes,Yes,1,Yes,No,No,2025-03-18,2026-09-21,ManualReview
CLM00236,Washing Machine,11,18,Active,Electrical Fault,2,Yes,Yes,Yes,No,Yes,1,No,No,No,2025-10-14,2026-09-22,Invalid
CLM01055,Air Conditioner,12,6,Expired,Overheating,1,Yes,Yes,Yes,Yes,Yes,0,No,No,Yes,2025-09-06,2026-09-21,Invalid
CLM00696,Washing Machine,3,24,Active,Electrical Fault,0,Yes,Yes,Yes,Yes,No,1,Yes,No,No,2026-06-24,2026-09-18,ManualReview
CLM00193,Mobile Phone,16,24,Active,Electrical Fault,2,No,Yes,Yes,Yes,Yes,0,No,No,No,2025-05-23,2026-09-16,Invalid
CLM00731,Air Conditioner,3,6,Active,Mechanical Failure,2,No,Yes,No,Yes,No,2,Yes,No,No,2026-06-13,2026-09-20,ManualReview
CLM00283,Washing Machine,27,24,Expired,Mechanical Failure,1,Yes,Yes,Yes,Yes,Yes,0,Yes,No,Yes,2024-06-25,2026-09-17,Invalid
CLM01244,Washing Machine,3,24,Active,Electrical Fault,1,Yes,Yes,Yes,Yes,Yes,0,Yes,No,No,2026-06-21,2026-09-20,Valid
CLM00966,Television,21,12,Expired,Electrical Fault,0,Yes,Yes,Yes,Yes,Yes,0,Yes,No,No,2024-12-25,2026-09-19,ManualReview
CLM01162,Laptop,4,6,Active,Overheating,0,Yes,Yes,Yes,Yes,Yes,0,Yes,No,Yes,2026-05-08,2026-09-16,ManualReview
CLM00612,Mobile Phone,17,12,Expired,Overheating,1,Yes,Yes,Yes,Yes,Yes,0,No,No,No,2025-04-26,2026-09-22,Invalid
CLM01096,Mobile Phone,14,6,Expired,Physical Damage,2,Yes,Yes,No,Yes,Yes,1,No,Yes,No,2025-07-30,2026-09-16,Invalid
CLM01412,Laptop,15,24,Active,Electrical Fault,0,Yes,Yes,No,Yes,Yes,1,Yes,No,No,2025-06-08,2026-09-23,Valid
CLM01101,Mobile Phone,4,24,Active,Overheating,0,Yes,No,No,Yes,Yes,2,Yes,No,No,2026-05-03,2026-09-15,ManualReview
CLM00566,Mobile Phone,4,12,Active,Mechanical Failure,0,Yes,No,No,No,Yes,3,Yes,No,No,2026-05-05,2026-09-13,ManualReview
CLM01309,Mobile Phone,5,18,Active,Mechanical Failure,0,Yes,Yes,Yes,No,Yes,1,Yes,No,No,2026-04-24,2026-09-18,Valid
CLM00866,Television,7,6,Expired,Water Damage,2,Yes,Yes,No,Yes,Yes,1,Yes,Yes,No,2026-02-05,2026-09-18,Invalid
CLM01399,Mobile Phone,15,18,Active,Mechanical Failure,0,Yes,Yes,Yes,Yes,Yes,0,Yes,No,No,2025-06-30,2026-09-19,Valid
CLM01371,Television,10,24,Active,Electrical Fault,0,Yes,Yes,Yes,Yes,Yes,0,Yes,No,No,2025-11-05,2026-09-17,Valid
CLM00349,Television,8,12,Active,Overheating,0,Yes,Yes,Yes,Yes,No,1,Yes,No,No,2026-01-24,2026-09-20,Valid
CLM00859,Television,26,18,Expired,Overheating,1,Yes,Yes,Yes,Yes,Yes,0,Yes,No,No,2024-08-01,2026-09-20,ManualReview
CLM00443,Television,12,6,Expired,Software Issue,1,Yes,Yes,Yes,Yes,Yes,0,Yes,No,No,2025-09-10,2026-09-17,ManualReview
CLM01313,Laptop,8,18,Active,Software Issue,0,Yes,Yes,Yes,Yes,Yes,0,Yes,No,No,2026-01-26,2026-09-16,Valid
CLM00963,Refrigerator,16,18,Active,Water Damage,0,Yes,Yes,Yes,Yes,Yes,0,Yes,Yes,Yes,2025-05-18,2026-09-16,Invalid
CLM00632,Mobile Phone,2,6,Active,Mechanical Failure,0,Yes,Yes,Yes,Yes,Yes,0,Yes,No,No,2026-07-24,2026-09-18,Valid
CLM00528,Laptop,27,24,Expired,Electrical Fault,1,Yes,Yes,No,Yes,No,2,Yes,No,No,2024-07-03,2026-09-19,Invalid
CLM00448,Television,9,6,Expired,Water Damage,0,Yes,Yes,Yes,No,No,2,Yes,Yes,No,2025-12-26,2026-09-18,Invalid
CLM00567,Mobile Phone,11,18,Active,Overheating,0,Yes,Yes,Yes,Yes,Yes,0,Yes,No,No,2025-10-22,2026-09-20,Valid
CLM00324,Refrigerator,0,12,Active,Mechanical Failure,0,Yes,Yes,Yes,No,Yes,1,Yes,No,No,2026-09-13,2026-09-13,ManualReview
CLM00384,Television,25,18,Expired,Physical Damage,2,Yes,Yes,Yes,No,Yes,1,Yes,Yes,No,2024-08-18,2026-09-13,Invalid
CLM00968,Laptop,9,24,Active,Software Issue,0,Yes,Yes,Yes,Yes,No,1,No,No,No,2025-12-25,2026-09-18,ManualReview
CLM01267,Washing Machine,12,24,Active,Overheating,1,Yes,Yes,No,No,Yes,2,Yes,No,No,2025-09-13,2026-09-21,Valid
CLM00404,Mobile Phone,12,12,Expired,Physical Damage,0,Yes,No,Yes,Yes,Yes,1,Yes,Yes,Yes,2025-09-09,2026-09-13,Invalid
CLM01297,Television,10,18,Active,Overheating,1,No,Yes,Yes,Yes,No,1,Yes,No,No,2025-11-03,2026-09-14,Valid
CLM00074,Washing Machine,20,12,Expired,Mechanical Failure,3,Yes,No,Yes,No,Yes,2,Yes,No,No,2025-01-07,2026-09-23,Invalid
CLM01017,Laptop,31,24,Expired,Water Damage,0,Yes,Yes,Yes,No,Yes,1,Yes,Yes,No,2024-02-28,2026-09-13,Invalid
CLM00028,Laptop,7,24,Active,Physical Damage,0,Yes,Yes,Yes,Yes,Yes,0,Yes,Yes,No,2026-02-25,2026-09-15,ManualReview
CLM01036,Mobile Phone,5,24,Active,Overheating,2,Yes,No,Yes,Yes,No,2,Yes,No,Yes,2026-04-11,2026-09-22,Invalid
CLM01378,Laptop,19,24,Active,Software Issue,0,Yes,Yes,Yes,Yes,Yes,0,Yes,No,No,2025-02-20,2026-09-23,Valid
CLM01287,Television,2,6,Active,Mechanical Failure,0,Yes,Yes,Yes,Yes,Yes,0,Yes,No,No,2026-07-06,2026-09-15,Valid
CLM01140,Washing Machine,22,24,Active,Software Issue,3,Yes,Yes,No,Yes,Yes,1,Yes,No,No,2024-11-27,2026-09-20,ManualReview
CLM00548,Laptop,12,6,Expired,Mechanical Failure,1,Yes,Yes,No,Yes,Yes,1,Yes,No,Yes,2025-09-08,2026-09-19,Invalid
CLM00749,Refrigerator,4,24,Active,Electrical Fault,0,Yes,Yes,Yes,Yes,No,1,Yes,No,No,2026-04-27,2026-09-13,Valid
CLM01328,Refrigerator,21,24,Active,Software Issue,1,Yes,Yes,Yes,Yes,Yes,0,Yes,No,No,2024-12-04,2026-09-20,Valid
CLM01293,Washing Machine,15,18,Active,Software Issue,0,Yes,Yes,Yes,Yes,No,1,Yes,No,No,2025-06-20,2026-09-14,Valid
CLM00111,Refrigerator,26,18,Expired,Physical Damage,1,No,Yes,Yes,Yes,Yes,0,Yes,Yes,No,2024-08-02,2026-09-18,Invalid
CLM00542,Television,4,6,Active,Water Damage,0,Yes,No,Yes,Yes,Yes,1,No,Yes,No,2026-04-28,2026-09-14,Invalid
CLM00936,Air Conditioner,23,18,Expired,Physical Damage,1,Yes,Yes,Yes,Yes,Yes,0,Yes,Yes,Yes,2024-10-23,2026-09-22,Invalid
CLM01356,Laptop,3,6,Active,Overheating,0,Yes,Yes,Yes,Yes,Yes,0,Yes,No,No,2026-06-01,2026-09-18,Valid
CLM00986,Laptop,1,18,Active,Overheating,0,Yes,Yes,Yes,Yes,Yes,0,Yes,No,No,2026-08-03,2026-09-22,Valid
CLM01057,Laptop,13,6,Expired,Electrical Fault,1,Yes,Yes,Yes,Yes,Yes,0,No,No,Yes,2025-08-19,2026-09-15,Invalid
CLM00338,Air Conditioner,26,18,Expired,Software Issue,0,Yes,No,Yes,Yes,Yes,1,Yes,No,No,2024-07-18,2026-09-22,ManualReview
CLM00337,Refrigerator,10,6,Expired,Overheating,0,Yes,Yes,Yes,Yes,Yes,0,Yes,No,Yes,2025-11-11,2026-09-15,Invalid
CLM01161,Mobile Phone,2,6,Active,Electrical Fault,1,No,Yes,Yes,Yes,Yes,0,Yes,No,No,2026-07-01,2026-09-20,Valid
CLM01021,Mobile Phone,3,18,Active,Mechanical Failure,0,Yes,Yes,Yes,Yes,No,1,Yes,No,No,2026-06-08,2026-09-20,ManualReview
CLM00841,Laptop,9,24,Active,Overheating,0,Yes,Yes,Yes,Yes,Yes,0,Yes,No,No,2025-12-23,2026-09-17,Valid
CLM00235,Refrigerator,2,6,Active,Electrical Fault,1,Yes,No,No,Yes,Yes,2,Yes,No,No,2026-07-09,2026-09-23,ManualReview
CLM01099,Refrigerator,27,18,Expired,Physical Damage,1,No,No,Yes,Yes,Yes,1,Yes,Yes,No,2024-06-26,2026-09-23,Invalid
CLM00335,Refrigerator,11,6,Expired,Software Issue,0,Yes,Yes,No,Yes,Yes,1,Yes,No,No,2025-10-17,2026-09-21,Invalid
CLM00462,Television,21,24,Active,Mechanical Failure,1,No,Yes,Yes,Yes,No,1,No,No,No,2024-12-25,2026-09-20,ManualReview
CLM01223,Washing Machine,6,18,Active,Overheating,0,Yes,Yes,Yes,Yes,Yes,0,No,No,No,2026-03-19,2026-09-23,ManualReview
CLM01486,Mobile Phone,18,24,Active,Mechanical Failure,0,Yes,Yes,Yes,Yes,No,1,Yes,No,No,2025-03-30,2026-09-16,Valid
CLM00072,Television,7,18,Active,Physical Damage,0,Yes,Yes,Yes,Yes,No,1,Yes,Yes,Yes,2026-02-22,2026-09-19,Invalid
CLM01136,Air Conditioner,3,18,Active,Overheating,1,Yes,Yes,Yes,Yes,Yes,0,Yes,No,No,2026-06-03,2026-09-15,Valid
CLM00886,Television,7,6,Expired,Software Issue,0,Yes,Yes,No,Yes,Yes,1,Yes,No,No,2026-02-24,2026-09-17,Invalid
CLM00785,Washing Machine,14,24,Active,Physical Damage,0,Yes,No,No,Yes,No,3,No,Yes,No,2025-07-15,2026-09-18,Invalid
CLM00191,Television,4,18,Active,Software Issue,0,Yes,No,Yes,Yes,No,2,Yes,No,No,2026-05-19,2026-09-15,ManualReview
CLM00497,Refrigerator,23,24,Active,Electrical Fault,0,Yes,No,No,Yes,No,3,Yes,No,No,2024-10-30,2026-09-23,ManualReview
CLM00152,Washing Machine,13,24,Active,Physical Damage,0,Yes,Yes,Yes,Yes,Yes,0,Yes,Yes,No,2025-08-21,2026-09-23,ManualReview
CLM00061,Refrigerator,10,12,Active,Software Issue,1,Yes,Yes,Yes,No,Yes,1,Yes,No,No,2025-10-29,2026-09-20,Valid
CLM00880,Television,4,18,Active,Electrical Fault,0,Yes,Yes,Yes,Yes,No,1,Yes,No,No,2026-05-01,2026-09-15,Valid
CLM00532,Television,26,18,Expired,Electrical Fault,0,Yes,Yes,No,Yes,No,2,Yes,No,Yes,2024-07-07,2026-09-19,Invalid
CLM01283,Washing Machine,18,24,Active,Overheating,0,Yes,Yes,Yes,Yes,Yes,0,No,No,No,2025-03-15,2026-09-13,Valid
CLM01299,Air Conditioner,14,18,Active,Software Issue,1,Yes,Yes,Yes,Yes,Yes,0,Yes,No,No,2025-07-06,2026-09-21,Valid
CLM00233,Television,16,18,Active,Water Damage,0,Yes,No,Yes,No,Yes,2,Yes,Yes,No,2025-05-22,2026-09-19,Invalid
CLM01292,Mobile Phone,19,24,Active,Electrical Fault,0,Yes,Yes,Yes,Yes,Yes,0,Yes,No,No,2025-02-19,2026-09-13,Valid
CLM00327,Mobile Phone,12,6,Expired,Water Damage,0,Yes,Yes,Yes,Yes,Yes,0,Yes,Yes,Yes,2025-09-17,2026-09-15,Invalid
CLM00215,Laptop,14,6,Expired,Water Damage,2,Yes,Yes,Yes,Yes,Yes,0,Yes,Yes,No,2025-07-25,2026-09-21,Invalid
CLM00116,Television,15,24,Active,Software Issue,0,Yes,No,Yes,Yes,No,2,No,No,No,2025-06-04,2026-09-23,ManualReview
CLM00128,Air Conditioner,13,24,Active,Physical Damage,0,Yes,No,Yes,Yes,Yes,1,Yes,Yes,Yes,2025-08-26,2026-09-23,Invalid
CLM00755,Washing Machine,27,18,Expired,Overheating,3,Yes,Yes,Yes,Yes,Yes,0,Yes,No,No,2024-06-22,2026-09-17,ManualReview
CLM00763,Air Conditioner,5,6,Active,Overheating,0,Yes,Yes,Yes,Yes,Yes,0,Yes,No,No,2026-04-23,2026-09-16,Valid
CLM00176,Television,5,18,Active,Overheating,1,Yes,No,No,Yes,Yes,2,Yes,No,No,2026-04-23,2026-09-16,ManualReview
CLM01332,Television,13,24,Active,Software Issue,1,Yes,No,Yes,No,Yes,2,Yes,No,No,2025-08-29,2026-09-14,Valid
CLM01324,Air Conditioner,4,12,Active,Electrical Fault,0,Yes,Yes,Yes,Yes,Yes,0,Yes,No,No,2026-05-18,2026-09-15,Valid
CLM00406,Laptop,22,18,Expired,Mechanical Failure,0,Yes,No,No,No,Yes,3,Yes,No,No,2024-11-06,2026-09-17,Invalid
CLM01479,Laptop,3,6,Active,Mechanical Failure,1,Yes,Yes,No,Yes,Yes,1,Yes,No,No,2026-06-01,2026-09-18,Valid
CLM00140,Washing Machine,21,12,Expired,Physical Damage,2,Yes,No,Yes,Yes,No,2,Yes,Yes,No,2024-12-08,2026-09-14,Invalid
CLM00814,Laptop,12,18,Active,Software Issue,0,Yes,Yes,No,Yes,Yes,1,Yes,No,No,2025-09-26,2026-09-18,Valid
CLM00021,Washing Machine,10,12,Active,Physical Damage,1,No,Yes,Yes,No,Yes,1,Yes,Yes,No,2025-11-18,2026-09-13,Invalid
CLM00038,Laptop,7,6,Expired,Water Damage,0,Yes,Yes,Yes,Yes,Yes,0,Yes,Yes,No,2026-02-24,2026-09-14,Invalid
CLM00957,Mobile Phone,3,24,Active,Mechanical Failure,0,Yes,Yes,Yes,No,Yes,1,No,No,No,2026-06-08,2026-09-18,ManualReview
CLM01436,Air Conditioner,3,12,Active,Electrical Fault,0,Yes,Yes,Yes,Yes,Yes,0,Yes,No,No,2026-05-30,2026-09-19,Valid
CLM00850,Mobile Phone,11,18,Active,Overheating,1,No,Yes,No,No,Yes,2,No,No,No,2025-10-18,2026-09-17,Invalid
CLM01176,Refrigerator,6,12,Active,Physical Damage,1,Yes,Yes,Yes,Yes,Yes,0,Yes,Yes,No,2026-03-11,2026-09-21,ManualReview
CLM00593,Laptop,17,24,Active,Overheating,2,Yes,Yes,No,Yes,Yes,1,No,No,Yes,2025-04-16,2026-09-19,Invalid
CLM00380,Refrigerator,15,6,Expired,Overheating,1,No,No,Yes,Yes,Yes,1,No,No,No,2025-06-15,2026-09-15,Invalid
CLM00910,Refrigerator,13,18,Active,Overheating,0,Yes,Yes,Yes,Yes,Yes,0,Yes,No,No,2025-08-29,2026-09-23,Valid
CLM00649,Mobile Phone,17,18,Active,Mechanical Failure,0,Yes,Yes,Yes,Yes,Yes,0,Yes,No,Yes,2025-04-30,2026-09-13,ManualReview
CLM00737,Refrigerator,9,12,Active,Software Issue,3,Yes,Yes,No,No,Yes,2,Yes,No,No,2025-12-27,2026-09-23,ManualReview
CLM00166,Air Conditioner,25,24,Expired,Water Damage,0,Yes,No,Yes,Yes,Yes,1,Yes,Yes,No,2024-08-10,2026-09-23,Invalid
CLM01353,Washing Machine,15,24,Active,Mechanical Failure,0,Yes,Yes,Yes,Yes,Yes,0,Yes,No,No,2025-06-22,2026-09-18,Valid
CLM01006,Mobile Phone,15,12,Expired,Mechanical Failure,0,Yes,Yes,No,Yes,No,2,Yes,No,No,2025-06-28,2026-09-19,Invalid
CLM00750,Mobile Phone,12,24,Active,Physical Damage,1,Yes,Yes,Yes,Yes,Yes,0,Yes,Yes,No,2025-09-18,2026-09-18,ManualReview
CLM01008,Refrigerator,3,6,Active,Mechanical Failure,0,Yes,No,No,Yes,No,3,Yes,No,No,2026-05-28,2026-09-13,ManualReview
CLM00757,Television,18,12,Expired,Overheating,3,Yes,Yes,Yes,Yes,Yes,0,Yes,No,No,2025-03-18,2026-09-19,ManualReview
CLM00198,Washing Machine,14,18,Active,Physical Damage,0,Yes,Yes,Yes,No,Yes,1,No,Yes,No,2025-07-18,2026-09-19,Invalid
CLM00379,Television,10,18,Active,Physical Damage,0,Yes,Yes,Yes,Yes,Yes,0,No,Yes,No,2025-11-09,2026-09-13,Invalid
CLM01128,Washing Machine,5,18,Active,Electrical Fault,0,Yes,Yes,Yes,Yes,No,1,Yes,No,No,2026-04-17,2026-09-16,Valid
CLM00609,Mobile Phone,5,6,Active,Mechanical Failure,0,Yes,Yes,Yes,Yes,No,1,Yes,No,No,2026-04-03,2026-09-20,ManualReview
CLM00126,Laptop,18,12,Expired,Overheating,0,Yes,No,Yes,Yes,Yes,1,Yes,No,No,2025-03-19,2026-09-16,ManualReview
CLM01439,Refrigerator,8,18,Active,Electrical Fault,0,Yes,Yes,Yes,Yes,No,1,Yes,No,No,2026-01-23,2026-09-23,Valid
CLM01135,Air Conditioner,0,12,Active,Physical Damage,0,Yes,Yes,Yes,Yes,Yes,0,Yes,Yes,No,2026-08-31,2026-09-18,ManualReview
CLM00316,Washing Machine,14,12,Expired,Physical Damage,0,Yes,No,Yes,Yes,Yes,1,Yes,Yes,No,2025-07-13,2026-09-13,Invalid
CLM00538,Laptop,7,12,Active,Software Issue,1,No,Yes,No,Yes,Yes,1,Yes,No,No,2026-02-22,2026-09-21,Valid
CLM00180,Mobile Phone,7,18,Active,Electrical Fault,3,No,No,Yes,Yes,No,2,Yes,No,No,2026-02-16,2026-09-19,Invalid
CLM00526,Television,7,6,Expired,Mechanical Failure,1,Yes,Yes,Yes,Yes,Yes,0,Yes,No,No,2026-01-29,2026-09-13,ManualReview
CLM00905,Mobile Phone,11,12,Active,Overheating,3,Yes,Yes,Yes,Yes,Yes,0,Yes,No,No,2025-09-30,2026-09-14,Valid
CLM01420,Refrigerator,15,18,Active,Overheating,0,Yes,Yes,No,Yes,No,2,Yes,No,No,2025-06-09,2026-09-13,Valid
CLM01411,Television,15,24,Active,Software Issue,1,Yes,Yes,Yes,Yes,Yes,0,Yes,No,No,2025-06-16,2026-09-22,Valid
CLM00556,Refrigerator,18,18,Expired,Electrical Fault,1,No,Yes,Yes,Yes,Yes,0,Yes,No,No,2025-03-14,2026-09-19,ManualReview
CLM01478,Air Conditioner,20,24,Active,Software Issue,0,Yes,Yes,Yes,Yes,No,1,Yes,No,No,2025-01-17,2026-09-13,Valid
CLM00040,Mobile Phone,14,6,Expired,Water Damage,1,No,Yes,No,Yes,Yes,1,Yes,Yes,No,2025-07-17,2026-09-22,Invalid
CLM00724,Mobile Phone,2,24,Active,Water Damage,1,Yes,Yes,No,Yes,Yes,1,Yes,Yes,No,2026-07-18,2026-09-23,ManualReview
CLM01165,Refrigerator,21,18,Expired,Overheating,1,Yes,No,Yes,Yes,Yes,1,Yes,No,No,2024-12-04,2026-09-23,ManualReview
CLM00307,Refrigerator,23,18,Expired,Electrical Fault,0,Yes,Yes,Yes,No,Yes,1,Yes,No,No,2024-10-15,2026-09-14,ManualReview
CLM01448,Refrigerator,0,6,Active,Electrical Fault,0,Yes,Yes,Yes,Yes,Yes,0,Yes,No,No,2026-09-06,2026-09-20,Valid
CLM01022,Refrigerator,4,18,Active,Electrical Fault,2,Yes,No,Yes,Yes,Yes,1,Yes,No,No,2026-04-30,2026-09-19,Valid
CLM01391,Mobile Phone,0,6,Active,Electrical Fault,1,No,Yes,Yes,Yes,Yes,0,Yes,No,No,2026-09-06,2026-09-14,Valid
CLM00733,Television,17,18,Active,Software Issue,3,No,Yes,No,Yes,Yes,1,Yes,No,No,2025-04-20,2026-09-17,ManualReview
CLM00779,Refrigerator,2,6,Active,Mechanical Failure,2,No,Yes,Yes,Yes,No,1,Yes,No,No,2026-07-06,2026-09-23,ManualReview
CLM00941,Refrigerator,9,18,Active,Water Damage,0,Yes,Yes,Yes,Yes,Yes,0,Yes,Yes,No,2025-12-15,2026-09-15,ManualReview
CLM00122,Television,24,18,Expired,Electrical Fault,0,Yes,Yes,Yes,Yes,Yes,0,Yes,No,No,2024-09-22,2026-09-20,ManualReview
CLM00355,Washing Machine,0,6,Active,Software Issue,2,Yes,No,Yes,Yes,Yes,1,Yes,No,No,2026-09-05,2026-09-13,ManualReview
CLM00293,Washing Machine,3,18,Active,Physical Damage,3,Yes,No,Yes,Yes,Yes,1,Yes,Yes,No,2026-06-15,2026-09-17,Invalid
CLM00832,Mobile Phone,11,6,Expired,Water Damage,1,Yes,Yes,Yes,Yes,Yes,0,Yes,Yes,No,2025-10-17,2026-09-17,Invalid
CLM00662,Television,11,6,Expired,Mechanical Failure,0,Yes,No,No,Yes,Yes,2,No,No,No,2025-10-03,2026-09-18,Invalid
CLM00574,Mobile Phone,18,12,Expired,Electrical Fault,2,No,Yes,No,No,Yes,2,No,No,No,2025-03-22,2026-09-18,Invalid
CLM00819,Washing Machine,7,6,Expired,Electrical Fault,2,Yes,Yes,Yes,Yes,Yes,0,No,No,Yes,2026-01-29,2026-09-18,Invalid
CLM01295,Refrigerator,12,18,Active,Electrical Fault,0,Yes,Yes,Yes,Yes,No,1,Yes,No,No,2025-09-03,2026-09-18,Valid
CLM00105,Mobile Phone,21,18,Expired,Software Issue,1,No,Yes,Yes,Yes,Yes,0,Yes,No,No,2024-12-19,2026-09-22,Invalid
CLM00929,Air Conditioner,9,6,Expired,Overheating,1,Yes,Yes,No,Yes,Yes,1,Yes,No,No,2025-12-24,2026-09-23,ManualReview
CLM00501,Washing Machine,14,18,Active,Software Issue,1,Yes,Yes,Yes,Yes,Yes,0,Yes,No,No,2025-07-21,2026-09-15,Valid
CLM00071,Refrigerator,16,24,Active,Electrical Fault,1,Yes,Yes,No,Yes,Yes,1,No,No,No,2025-05-30,2026-09-14,ManualReview
CLM00973,Mobile Phone,10,18,Active,Overheating,2,Yes,Yes,Yes,Yes,Yes,0,Yes,No,No,2025-11-23,2026-09-21,ManualReview
CLM00167,Washing Machine,14,18,Active,Physical Damage,0,Yes,Yes,Yes,No,No,2,No,Yes,No,2025-07-30,2026-09-15,Invalid
CLM00934,Mobile Phone,12,12,Expired,Electrical Fault,0,Yes,Yes,No,Yes,Yes,1,Yes,No,Yes,2025-09-05,2026-09-21,Invalid
CLM00998,Washing Machine,4,12,Active,Water Damage,0,Yes,Yes,No,Yes,Yes,1,Yes,Yes,No,2026-04-27,2026-09-18,ManualReview
CLM00251,Mobile Phone,27,24,Expired,Mechanical Failure,1,Yes,Yes,Yes,Yes,Yes,0,Yes,No,No,2024-06-27,2026-09-19,ManualReview
CLM01015,Television,14,12,Expired,Physical Damage,2,Yes,No,Yes,No,Yes,2,No,Yes,No,2025-07-05,2026-09-22,Invalid
CLM01291,Television,1,12,Active,Electrical Fault,1,Yes,No,Yes,Yes,Yes,1,Yes,No,No,2026-08-22,2026-09-23,Valid
CLM01090,Refrigerator,27,24,Expired,Mechanical Failure,1,Yes,Yes,Yes,Yes,Yes,0,Yes,No,No,2024-06-29,2026-09-20,ManualReview
CLM00037,Television,6,6,Expired,Electrical Fault,0,Yes,Yes,Yes,Yes,Yes,0,Yes,No,No,2026-03-26,2026-09-22,ManualReview
CLM01349,Washing Machine,6,18,Active,Electrical Fault,0,Yes,Yes,Yes,Yes,Yes,0,Yes,No,No,2026-03-17,2026-09-22,Valid
CLM00150,Refrigerator,6,12,Active,Overheating,0,Yes,Yes,Yes,No,No,2,No,No,Yes,2026-03-21,2026-09-15,Invalid
CLM01074,Refrigerator,3,12,Active,Mechanical Failure,0,Yes,No,Yes,Yes,No,2,Yes,No,No,2026-06-07,2026-09-20,ManualReview
CLM00163,Washing Machine,15,24,Active,Overheating,1,Yes,Yes,Yes,No,Yes,1,Yes,No,No,2025-06-13,2026-09-19,ManualReview
CLM00216,Television,14,6,Expired,Water Damage,0,Yes,Yes,Yes,Yes,Yes,0,Yes,Yes,No,2025-07-06,2026-09-17,Invalid
CLM01459,Air Conditioner,10,24,Active,Electrical Fault,0,Yes,Yes,Yes,Yes,Yes,0,Yes,No,No,2025-11-08,2026-09-13,Valid
CLM01376,Air Conditioner,3,24,Active,Electrical Fault,2,Yes,Yes,Yes,Yes,Yes,0,Yes,No,No,2026-06-25,2026-09-19,Valid
CLM01334,Mobile Phone,7,12,Active,Electrical Fault,0,Yes,Yes,Yes,Yes,No,1,Yes,No,No,2026-02-17,2026-09-16,Valid
CLM00601,Refrigerator,13,18,Active,Physical Damage,3,Yes,Yes,Yes,No,Yes,1,Yes,Yes,No,2025-08-09,2026-09-20,Invalid
CLM00826,Refrigerator,2,6,Active,Electrical Fault,1,Yes,Yes,Yes,No,No,2,Yes,No,No,2026-07-13,2026-09-15,ManualReview
CLM00511,Refrigerator,11,6,Expired,Electrical Fault,2,Yes,Yes,Yes,Yes,Yes,0,No,No,No,2025-10-04,2026-09-15,Invalid
CLM01000,Refrigerator,6,18,Active,Water Damage,1,Yes,Yes,Yes,Yes,Yes,0,Yes,Yes,No,2026-03-21,2026-09-13,ManualReview
CLM00149,Air Conditioner,12,6,Expired,Software Issue,3,Yes,Yes,Yes,No,Yes,1,Yes,No,No,2025-09-17,2026-09-21,Invalid
CLM01329,Air Conditioner,5,24,Active,Overheating,0,Yes,Yes,Yes,No,Yes,1,Yes,No,No,2026-04-06,2026-09-16,Valid
CLM01319,Washing Machine,20,24,Active,Electrical Fault,1,No,Yes,Yes,Yes,No,1,Yes,No,No,2025-01-10,2026-09-22,Valid
CLM00767,Refrigerator,9,6,Expired,Mechanical Failure,1,Yes,No,Yes,Yes,Yes,1,Yes,No,No,2025-12-05,2026-09-18,ManualReview
CLM01039,Laptop,24,24,Expired,Overheating,0,Yes,No,Yes,No,No,3,Yes,No,No,2024-09-12,2026-09-21,Invalid
CLM00076,Laptop,6,18,Active,Overheating,1,Yes,Yes,Yes,Yes,Yes,0,Yes,No,No,2026-03-08,2026-09-21,Valid
CLM00989,Television,4,24,Active,Software Issue,0,Yes,Yes,Yes,Yes,Yes,0,Yes,No,No,2026-05-10,2026-09-23,Valid
CLM01261,Air Conditioner,4,18,Active,Mechanical Failure,0,Yes,No,Yes,Yes,Yes,1,Yes,No,No,2026-05-01,2026-09-14,Valid
CLM00732,Washing Machine,8,6,Expired,Water Damage,1,Yes,Yes,Yes,Yes,Yes,0,No,Yes,No,2026-01-07,2026-09-21,Invalid
CLM01217,Mobile Phone,11,18,Active,Water Damage,1,Yes,Yes,Yes,Yes,Yes,0,Yes,Yes,No,2025-10-04,2026-09-14,ManualReview
CLM00675,Mobile Phone,9,6,Expired,Physical Damage,0,Yes,Yes,Yes,Yes,No,1,Yes,Yes,No,2025-12-11,2026-09-22,Invalid
CLM00825,Air Conditioner,9,12,Active,Electrical Fault,0,Yes,Yes,Yes,Yes,Yes,0,Yes,No,No,2025-12-16,2026-09-13,Valid
CLM00120,Television,32,24,Expired,Overheating,3,No,No,No,Yes,Yes,2,No,No,Yes,2024-01-25,2026-09-13,Invalid
CLM00239,Air Conditioner,8,18,Active,Water Damage,1,Yes,Yes,No,Yes,Yes,1,Yes,Yes,No,2026-01-21,2026-09-16,Invalid
CLM00786,Television,11,6,Expired,Mechanical Failure,0,Yes,Yes,Yes,No,Yes,1,No,No,No,2025-10-08,2026-09-15,Invalid
CLM00638,Washing Machine,9,18,Active,Water Damage,0,Yes,Yes,No,Yes,Yes,1,No,Yes,No,2025-11-29,2026-09-23,Invalid
CLM00135,Washing Machine,8,6,Expired,Software Issue,1,Yes,Yes,No,Yes,No,2,Yes,No,Yes,2026-01-02,2026-09-17,Invalid
CLM00839,Air Conditioner,8,12,Active,Software Issue,1,Yes,Yes,Yes,Yes,Yes,0,Yes,No,No,2026-01-20,2026-09-18,Valid
CLM00790,Refrigerator,16,18,Active,Electrical Fault,1,Yes,Yes,Yes,Yes,Yes,0,Yes,No,Yes,2025-05-17,2026-09-13,ManualReview
CLM00053,Refrigerator,3,6,Active,Electrical Fault,0,Yes,Yes,Yes,Yes,Yes,0,No,No,No,2026-06-16,2026-09-17,ManualReview
CLM01225,Air Conditioner,15,18,Active,Overheating,0,Yes,No,Yes,Yes,Yes,1,Yes,No,No,2025-06-17,2026-09-15,Valid
CLM01052,Air Conditioner,30,24,Expired,Water Damage,0,Yes,Yes,No,Yes,No,2,Yes,Yes,No,2024-04-04,2026-09-16,Invalid
CLM01410,Washing Machine,7,12,Active,Software Issue,2,Yes,Yes,Yes,Yes,Yes,0,Yes,No,No,2026-02-25,2026-09-17,Valid
CLM01326,Mobile Phone,5,6,Active,Electrical Fault,0,Yes,Yes,Yes,Yes,Yes,0,Yes,No,No,2026-04-16,2026-09-23,Valid
CLM01300,Air Conditioner,4,6,Active,Mechanical Failure,0,Yes,Yes,Yes,Yes,No,1,Yes,No,No,2026-05-04,2026-09-19,Valid
CLM01106,Washing Machine,26,18,Expired,Water Damage,1,Yes,Yes,No,Yes,Yes,1,Yes,Yes,No,2024-07-13,2026-09-15,Invalid
CLM00075,Air Conditioner,7,18,Active,Water Damage,0,Yes,Yes,Yes,No,Yes,1,Yes,Yes,No,2026-02-03,2026-09-23,ManualReview
CLM00388,Mobile Phone,11,6,Expired,Water Damage,2,Yes,Yes,No,No,Yes,2,Yes,Yes,No,2025-10-06,2026-09-22,Invalid
CLM01196,Mobile Phone,24,18,Expired,Software Issue,2,Yes,Yes,Yes,Yes,Yes,0,Yes,No,No,2024-09-09,2026-09-23,ManualReview
CLM01027,Refrigerator,8,6,Expired,Electrical Fault,2,Yes,Yes,Yes,Yes,No,1,No,No,No,2026-01-23,2026-09-21,Invalid
CLM00685,Air Conditioner,6,12,Active,Water Damage,0,Yes,Yes,Yes,Yes,Yes,0,Yes,Yes,No,2026-03-23,2026-09-18,ManualReview
CLM00162,Washing Machine,33,24,Expired,Physical Damage,1,Yes,Yes,No,No,Yes,2,Yes,Yes,No,2023-12-27,2026-09-23,Invalid
CLM00008,Refrigerator,8,6,Expired,Water Damage,0,Yes,No,Yes,Yes,Yes,1,No,Yes,No,2026-01-04,2026-09-16,Invalid
CLM00089,Mobile Phone,15,18,Active,Mechanical Failure,1,Yes,No,Yes,No,Yes,2,Yes,No,No,2025-06-07,2026-09-19,ManualReview
CLM00016,Laptop,7,12,Active,Overheating,1,Yes,Yes,Yes,Yes,Yes,0,Yes,No,No,2026-02-21,2026-09-16,Valid
CLM01183,Washing Machine,25,24,Expired,Software Issue,0,Yes,Yes,Yes,Yes,Yes,0,Yes,No,No,2024-08-18,2026-09-13,ManualReview
CLM01468,Television,3,6,Active,Mechanical Failure,1,Yes,Yes,Yes,Yes,Yes,0,Yes,No,No,2026-05-28,2026-09-19,Valid
CLM01322,Laptop,0,24,Active,Mechanical Failure,0,Yes,Yes,Yes,Yes,Yes,0,Yes,No,No,2026-09-09,2026-09-21,Valid
CLM00039,Television,5,24,Active,Overheating,0,Yes,Yes,Yes,No,Yes,1,Yes,No,No,2026-04-13,2026-09-15,Valid
CLM01071,Air Conditioner,10,6,Expired,Overheating,1,No,Yes,Yes,No,Yes,1,Yes,No,No,2025-11-04,2026-09-23,Invalid
CLM00109,Mobile Phone,13,12,Expired,Water Damage,3,Yes,No,Yes,Yes,Yes,1,Yes,Yes,Yes,2025-08-21,2026-09-14,Invalid
CLM01193,Television,17,24,Active,Software Issue,2,No,Yes,No,No,Yes,2,Yes,No,No,2025-04-17,2026-09-15,ManualReview
CLM00258,Laptop,13,18,Active,Electrical Fault,0,Yes,Yes,No,Yes,Yes,1,Yes,No,No,2025-08-25,2026-09-16,Valid
CLM00098,Television,23,24,Active,Overheating,1,Yes,Yes,Yes,No,Yes,1,No,No,Yes,2024-10-11,2026-09-19,Invalid
CLM01243,Refrigerator,1,12,Active,Software Issue,1,Yes,Yes,Yes,Yes,Yes,0,Yes,No,No,2026-08-24,2026-09-20,Valid
CLM00816,Mobile Phone,5,12,Active,Software Issue,0,Yes,Yes,Yes,Yes,Yes,0,Yes,No,No,2026-04-23,2026-09-18,Valid
CLM00221,Laptop,12,6,Expired,Physical Damage,0,Yes,No,Yes,No,Yes,2,Yes,Yes,No,2025-09-16,2026-09-18,Invalid
CLM00631,Mobile Phone,4,12,Active,Physical Damage,0,Yes,Yes,Yes,No,No,2,Yes,Yes,No,2026-05-22,2026-09-17,Invalid
CLM00789,Mobile Phone,11,6,Expired,Water Damage,2,Yes,Yes,No,Yes,Yes,1,Yes,Yes,No,2025-09-29,2026-09-16,Invalid
CLM00249,Washing Machine,33,24,Expired,Mechanical Failure,0,Yes,Yes,Yes,Yes,Yes,0,Yes,No,No,2023-12-25,2026-09-22,ManualReview
CLM00939,Refrigerator,5,6,Active,Software Issue,0,Yes,Yes,Yes,Yes,No,1,No,No,No,2026-04-25,2026-09-22,ManualReview
CLM00173,Air Conditioner,30,24,Expired,Physical Damage,1,Yes,Yes,Yes,Yes,Yes,0,Yes,Yes,No,2024-03-14,2026-09-14,Invalid
CLM01191,Washing Machine,14,18,Active,Water Damage,0,Yes,Yes,Yes,Yes,No,1,Yes,Yes,No,2025-07-17,2026-09-22,ManualReview
CLM00663,Air Conditioner,7,6,Expired,Mechanical Failure,1,No,Yes,Yes,Yes,Yes,0,Yes,No,No,2026-02-21,2026-09-13,Invalid
CLM00999,Washing Machine,33,24,Expired,Electrical Fault,1,Yes,Yes,Yes,Yes,Yes,0,Yes,No,No,2023-12-30,2026-09-15,ManualReview
CLM01377,Mobile Phone,9,12,Active,Mechanical Failure,0,Yes,Yes,Yes,Yes,Yes,0,Yes,No,No,2025-12-06,2026-09-19,Valid
CLM01315,Laptop,3,12,Active,Software Issue,0,Yes,Yes,Yes,Yes,No,1,Yes,No,No,2026-06-10,2026-09-20,Valid
CLM01443,Air Conditioner,7,18,Active,Mechanical Failure,0,Yes,No,Yes,No,Yes,2,Yes,No,No,2026-02-19,2026-09-21,Valid
CLM01320,Refrigerator,9,18,Active,Software Issue,0,Yes,No,Yes,Yes,Yes,1,Yes,No,No,2025-12-20,2026-09-15,Valid
CLM01195,Air Conditioner,8,6,Expired,Overheating,0,Yes,Yes,Yes,Yes,No,1,Yes,No,No,2025-12-29,2026-09-19,ManualReview
CLM00672,Air Conditioner,12,24,Active,Mechanical Failure,2,No,No,Yes,Yes,No,2,No,No,No,2025-09-01,2026-09-18,Invalid
CLM00336,Laptop,10,12,Active,Water Damage,1,Yes,Yes,Yes,Yes,Yes,0,Yes,Yes,No,2025-11-26,2026-09-13,ManualReview
CLM01425,Laptop,1,18,Active,Mechanical Failure,1,Yes,Yes,Yes,Yes,Yes,0,Yes,No,No,2026-08-19,2026-09-14,Valid
CLM00130,Refrigerator,12,24,Active,Physical Damage,0,Yes,Yes,No,Yes,No,2,Yes,Yes,No,2025-09-28,2026-09-19,Invalid
CLM00203,Laptop,17,12,Expired,Overheating,1,Yes,Yes,No,Yes,Yes,1,No,No,No,2025-04-30,2026-09-15,Invalid
CLM00904,Laptop,8,6,Expired,Physical Damage,3,Yes,Yes,No,Yes,Yes,1,No,Yes,No,2026-01-02,2026-09-23,Invalid
CLM01199,Television,22,18,Expired,Electrical Fault,0,Yes,No,Yes,Yes,Yes,1,Yes,No,No,2024-11-13,2026-09-19,ManualReview
CLM00543,Refrigerator,12,24,Active,Software Issue,2,Yes,Yes,Yes,No,Yes,1,No,No,No,2025-09-08,2026-09-23,ManualReview
CLM00413,Air Conditioner,2,18,Active,Electrical Fault,1,No,Yes,No,Yes,No,2,No,No,No,2026-07-21,2026-09-15,ManualReview
CLM01228,Laptop,2,24,Active,Mechanical Failure,2,Yes,Yes,Yes,Yes,Yes,0,Yes,No,No,2026-07-12,2026-09-15,Valid
CLM00518,Refrigerator,7,6,Expired,Physical Damage,1,No,Yes,Yes,Yes,No,1,No,Yes,No,2026-02-14,2026-09-23,Invalid
CLM00716,Refrigerator,15,12,Expired,Physical Damage,0,Yes,Yes,Yes,Yes,Yes,0,No,Yes,No,2025-06-03,2026-09-14,Invalid
CLM01083,Washing Machine,5,12,Active,Software Issue,0,Yes,Yes,Yes,No,No,2,No,No,No,2026-04-23,2026-09-13,Invalid
CLM00205,Mobile Phone,4,24,Active,Overheating,2,Yes,Yes,No,Yes,Yes,1,Yes,No,No,2026-04-30,2026-09-15,ManualReview
CLM00435,Television,4,6,Active,Electrical Fault,1,Yes,Yes,Yes,Yes,Yes,0,Yes,No,No,2026-05-23,2026-09-16,Valid
CLM01394,Television,17,24,Active,Software Issue,0,Yes,No,Yes,Yes,Yes,1,Yes,No,No,2025-04-28,2026-09-18,Valid
CLM00170,Television,21,18,Expired,Overheating,1,No,Yes,Yes,Yes,Yes,0,No,No,No,2024-12-09,2026-09-19,Invalid
CLM01098,Washing Machine,14,18,Active,Water Damage,0,Yes,No,No,Yes,No,3,Yes,Yes,No,2025-07-12,2026-09-13,Invalid
CLM01166,Air Conditioner,7,18,Active,Software Issue,1,No,Yes,Yes,Yes,Yes,0,Yes,No,No,2026-02-25,2026-09-21,Valid
CLM00399,Laptop,9,24,Active,Software Issue,0,Yes,No,Yes,Yes,No,2,Yes,No,No,2025-12-06,2026-09-18,ManualReview
CLM00647,Laptop,32,24,Expired,Electrical Fault,1,Yes,Yes,Yes,No,No,2,Yes,No,No,2024-01-17,2026-09-20,Invalid
CLM00086,Washing Machine,22,24,Active,Water Damage,3,Yes,No,No,Yes,No,3,Yes,Yes,No,2024-11-14,2026-09-16,Invalid
CLM00634,Mobile Phone,12,6,Expired,Software Issue,0,Yes,No,Yes,Yes,Yes,1,No,No,No,2025-09-13,2026-09-22,Invalid
CLM00371,Television,23,18,Expired,Mechanical Failure,1,Yes,No,Yes,Yes,Yes,1,Yes,No,No,2024-10-11,2026-09-13,Invalid
CLM00494,Mobile Phone,12,18,Active,Software Issue,0,Yes,Yes,Yes,Yes,No,1,Yes,No,No,2025-09-24,2026-09-20,Valid
CLM00891,Mobile Phone,13,18,Active,Software Issue,1,Yes,No,Yes,Yes,Yes,1,Yes,No,No,2025-08-18,2026-09-17,ManualReview
CLM00536,Laptop,6,24,Active,Water Damage,0,Yes,Yes,Yes,Yes,Yes,0,Yes,Yes,No,2026-03-05,2026-09-13,ManualReview
CLM00949,Television,24,18,Expired,Water Damage,2,Yes,Yes,No,No,No,3,No,Yes,No,2024-09-11,2026-09-23,Invalid
CLM00367,Mobile Phone,15,12,Expired,Electrical Fault,2,No,Yes,Yes,Yes,Yes,0,Yes,No,No,2025-06-07,2026-09-14,Invalid
CLM00892,Air Conditioner,23,18,Expired,Overheating,0,Yes,Yes,Yes,Yes,Yes,0,Yes,No,No,2024-10-28,2026-09-19,ManualReview
CLM00282,Washing Machine,12,18,Active,Water Damage,2,Yes,Yes,No,No,Yes,2,Yes,Yes,No,2025-09-03,2026-09-22,Invalid
CLM00077,Washing Machine,13,12,Expired,Overheating,1,Yes,Yes,Yes,No,Yes,1,Yes,No,No,2025-08-02,2026-09-17,ManualReview
CLM01026,Television,1,6,Active,Overheating,0,Yes,Yes,Yes,No,Yes,1,No,No,No,2026-07-29,2026-09-20,ManualReview
CLM00255,Air Conditioner,33,24,Expired,Mechanical Failure,1,Yes,Yes,Yes,Yes,Yes,0,Yes,No,No,2023-12-19,2026-09-19,ManualReview
CLM01274,Television,1,12,Active,Overheating,1,Yes,Yes,Yes,Yes,Yes,0,Yes,No,No,2026-07-30,2026-09-16,Valid
CLM00533,Refrigerator,11,6,Expired,Physical Damage,0,Yes,Yes,Yes,Yes,Yes,0,Yes,Yes,No,2025-10-22,2026-09-15,Invalid
CLM01363,Washing Machine,15,18,Active,Software Issue,1,Yes,Yes,Yes,Yes,No,1,Yes,No,No,2025-06-14,2026-09-15,Valid
CLM00254,Air Conditioner,33,24,Expired,Physical Damage,1,Yes,Yes,Yes,Yes,Yes,0,Yes,Yes,No,2023-12-24,2026-09-17,Invalid
CLM00011,Laptop,13,24,Active,Overheating,0,Yes,Yes,Yes,Yes,Yes,0,Yes,No,No,2025-08-02,2026-09-18,Valid
CLM00044,Refrigerator,2,24,Active,Mechanical Failure,0,Yes,No,Yes,Yes,Yes,1,Yes,No,No,2026-07-13,2026-09-16,Valid
CLM01312,Air Conditioner,5,12,Active,Overheating,3,Yes,No,Yes,Yes,Yes,1,Yes,No,No,2026-04-23,2026-09-18,Valid
CLM00416,Refrigerator,26,18,Expired,Electrical Fault,0,Yes,Yes,Yes,No,Yes,1,Yes,No,No,2024-07-16,2026-09-18,ManualReview
CLM01007,Refrigerator,7,6,Expired,Water Damage,1,Yes,Yes,Yes,Yes,Yes,0,Yes,Yes,No,2026-02-15,2026-09-15,Invalid
CLM01194,Television,21,24,Active,Mechanical Failure,0,Yes,Yes,No,Yes,Yes,1,No,No,No,2024-12-11,2026-09-14,ManualReview
CLM01187,Washing Machine,5,18,Active,Overheating,1,Yes,Yes,Yes,Yes,No,1,Yes,No,No,2026-04-10,2026-09-13,Valid
CLM00817,Air Conditioner,6,6,Expired,Mechanical Failure,0,Yes,Yes,Yes,Yes,Yes,0,Yes,No,No,2026-03-01,2026-09-20,ManualReview
CLM00144,Laptop,9,12,Active,Overheating,1,Yes,Yes,Yes,Yes,Yes,0,Yes,No,No,2025-12-27,2026-09-15,Valid
CLM01179,Television,13,18,Active,Water Damage,0,Yes,Yes,No,Yes,Yes,1,Yes,Yes,No,2025-08-01,2026-09-16,ManualReview
CLM00054,Laptop,13,12,Expired,Overheating,0,Yes,No,Yes,Yes,Yes,1,Yes,No,No,2025-08-24,2026-09-20,ManualReview
CLM00654,Refrigerator,12,12,Expired,Physical Damage,1,Yes,No,No,Yes,Yes,2,Yes,Yes,No,2025-09-16,2026-09-18,Invalid
CLM00305,Refrigerator,13,6,Expired,Mechanical Failure,1,No,No,Yes,No,Yes,2,Yes,No,No,2025-08-24,2026-09-22,Invalid
CLM00758,Air Conditioner,11,6,Expired,Physical Damage,1,Yes,No,Yes,Yes,Yes,1,Yes,Yes,No,2025-10-04,2026-09-17,Invalid
CLM00747,Refrigerator,13,24,Active,Water Damage,2,Yes,Yes,Yes,Yes,Yes,0,No,Yes,No,2025-08-19,2026-09-21,Invalid
CLM00265,Mobile Phone,19,18,Expired,Mechanical Failure,0,Yes,Yes,Yes,Yes,No,1,Yes,No,Yes,2025-02-23,2026-09-16,Invalid
CLM00794,Television,4,6,Active,Electrical Fault,0,Yes,Yes,No,Yes,No,2,No,No,No,2026-05-04,2026-09-23,Invalid
CLM01257,Air Conditioner,1,6,Active,Software Issue,0,Yes,Yes,Yes,No,Yes,1,Yes,No,No,2026-07-29,2026-09-19,Valid
CLM00127,Mobile Phone,16,24,Active,Mechanical Failure,2,Yes,Yes,Yes,Yes,Yes,0,Yes,No,No,2025-05-23,2026-09-14,Valid
CLM01337,Refrigerator,3,12,Active,Software Issue,0,Yes,No,Yes,No,Yes,2,Yes,No,No,2026-06-12,2026-09-17,Valid
CLM00161,Washing Machine,31,24,Expired,Mechanical Failure,1,Yes,Yes,Yes,Yes,No,1,Yes,No,No,2024-02-24,2026-09-14,Invalid
CLM00291,Air Conditioner,13,18,Active,Overheating,0,Yes,Yes,Yes,No,Yes,1,Yes,No,No,2025-08-21,2026-09-19,Valid
CLM00620,Laptop,10,24,Active,Overheating,0,Yes,Yes,Yes,Yes,Yes,0,Yes,No,No,2025-11-27,2026-09-15,Valid
CLM01350,Mobile Phone,4,6,Active,Software Issue,3,Yes,Yes,Yes,Yes,Yes,0,Yes,No,No,2026-05-12,2026-09-21,Valid
CLM00353,Air Conditioner,9,12,Active,Software Issue,0,Yes,Yes,No,Yes,Yes,1,Yes,No,No,2025-12-20,2026-09-23,Valid
CLM00713,Washing Machine,17,12,Expired,Water Damage,1,No,Yes,Yes,No,Yes,1,Yes,Yes,No,2025-04-12,2026-09-23,Invalid
CLM01182,Air Conditioner,10,12,Active,Mechanical Failure,0,Yes,Yes,Yes,Yes,Yes,0,Yes,No,No,2025-10-31,2026-09-21,Valid
CLM00717,Air Conditioner,4,18,Active,Mechanical Failure,0,Yes,Yes,No,Yes,Yes,1,Yes,No,No,2026-05-21,2026-09-14,Valid
CLM00842,Laptop,5,12,Active,Water Damage,0,Yes,No,Yes,Yes,Yes,1,No,Yes,No,2026-04-23,2026-09-20,Invalid
CLM00805,Laptop,14,12,Expired,Water Damage,0,Yes,Yes,Yes,Yes,No,1,Yes,Yes,No,2025-07-01,2026-09-16,Invalid
CLM00451,Air Conditioner,5,6,Active,Software Issue,0,Yes,Yes,Yes,Yes,Yes,0,Yes,No,No,2026-04-07,2026-09-15,Valid
CLM00975,Refrigerator,5,6,Active,Mechanical Failure,0,Yes,Yes,Yes,No,Yes,1,No,No,No,2026-04-10,2026-09-18,ManualReview
CLM00531,Mobile Phone,22,18,Expired,Software Issue,2,No,Yes,Yes,Yes,Yes,0,Yes,No,No,2024-11-25,2026-09-23,Invalid
CLM00281,Television,3,18,Active,Electrical Fault,0,Yes,Yes,Yes,Yes,Yes,0,Yes,No,No,2026-06-09,2026-09-14,Valid
CLM00676,Laptop,3,18,Active,Physical Damage,1,Yes,No,Yes,Yes,Yes,1,Yes,Yes,No,2026-06-06,2026-09-21,ManualReview
CLM00063,Air Conditioner,1,6,Active,Physical Damage,2,Yes,Yes,No,Yes,Yes,1,Yes,Yes,No,2026-08-04,2026-09-18,Invalid
CLM00837,Refrigerator,19,18,Expired,Physical Damage,0,Yes,Yes,Yes,Yes,No,1,Yes,Yes,No,2025-02-23,2026-09-19,Invalid
CLM00289,Air Conditioner,15,12,Expired,Software Issue,0,Yes,Yes,No,Yes,Yes,1,Yes,No,No,2025-06-25,2026-09-13,ManualReview
CLM00697,Mobile Phone,17,24,Active,Mechanical Failure,3,Yes,No,Yes,Yes,Yes,1,Yes,No,No,2025-04-08,2026-09-22,ManualReview
CLM00693,Television,29,24,Expired,Water Damage,0,Yes,Yes,Yes,Yes,Yes,0,No,Yes,No,2024-04-08,2026-09-23,Invalid
CLM00081,Washing Machine,3,24,Active,Water Damage,2,Yes,No,Yes,Yes,Yes,1,Yes,Yes,No,2026-06-17,2026-09-16,Invalid
CLM00343,Television,9,24,Active,Electrical Fault,2,Yes,Yes,No,Yes,Yes,1,Yes,No,No,2025-12-18,2026-09-16,ManualReview
CLM00222,Television,27,18,Expired,Overheating,1,Yes,No,Yes,Yes,Yes,1,No,No,No,2024-06-12,2026-09-23,Invalid
CLM01466,Refrigerator,17,18,Active,Mechanical Failure,0,Yes,Yes,No,Yes,Yes,1,Yes,No,No,2025-04-09,2026-09-21,Valid
CLM00491,Refrigerator,11,12,Active,Electrical Fault,3,Yes,Yes,Yes,No,No,2,Yes,No,No,2025-10-12,2026-09-16,ManualReview
CLM00700,Television,17,18,Active,Physical Damage,0,Yes,Yes,Yes,Yes,Yes,0,Yes,Yes,No,2025-04-20,2026-09-21,ManualReview
CLM01150,Mobile Phone,11,6,Expired,Overheating,0,Yes,Yes,Yes,Yes,Yes,0,Yes,No,No,2025-10-20,2026-09-18,ManualReview
CLM01097,Laptop,8,6,Expired,Overheating,0,Yes,Yes,No,Yes,No,2,Yes,No,No,2026-01-14,2026-09-13,Invalid
CLM00386,Air Conditioner,3,24,Active,Electrical Fault,0,Yes,Yes,Yes,Yes,Yes,0,Yes,No,No,2026-06-11,2026-09-23,Valid
CLM00878,Mobile Phone,17,24,Active,Water Damage,1,No,Yes,No,Yes,Yes,1,Yes,Yes,No,2025-04-13,2026-09-21,Invalid
CLM00520,Television,4,6,Active,Software Issue,0,Yes,Yes,Yes,Yes,No,1,Yes,No,No,2026-05-21,2026-09-17,Valid
CLM00381,Air Conditioner,6,18,Active,Mechanical Failure,2,No,Yes,No,Yes,Yes,1,Yes,No,Yes,2026-03-21,2026-09-15,Invalid
CLM00500,Washing Machine,14,6,Expired,Mechanical Failure,0,Yes,Yes,No,Yes,No,2,No,No,No,2025-07-09,2026-09-14,Invalid
CLM01126,Television,13,24,Active,Software Issue,1,Yes,Yes,Yes,Yes,No,1,Yes,No,No,2025-08-02,2026-09-20,Valid
CLM01281,Refrigerator,11,18,Active,Overheating,0,Yes,Yes,Yes,Yes,No,1,Yes,No,No,2025-10-17,2026-09-22,Valid
CLM00461,Air Conditioner,25,18,Expired,Physical Damage,2,No,No,Yes,Yes,Yes,1,No,Yes,No,2024-08-22,2026-09-19,Invalid
CLM01360,Refrigerator,7,12,Active,Electrical Fault,1,Yes,Yes,Yes,Yes,Yes,0,Yes,No,No,2026-02-21,2026-09-22,Valid
CLM00056,Laptop,7,6,Expired,Mechanical Failure,2,No,Yes,Yes,Yes,No,1,Yes,No,No,2026-02-25,2026-09-13,Invalid
CLM00719,Television,11,6,Expired,Mechanical Failure,0,Yes,No,Yes,Yes,Yes,1,No,No,No,2025-10-28,2026-09-14,Invalid
CLM00619,Mobile Phone,11,6,Expired,Software Issue,1,No,Yes,Yes,Yes,Yes,0,No,No,No,2025-10-20,2026-09-19,Invalid
CLM01062,Laptop,15,24,Active,Electrical Fault,0,Yes,No,Yes,Yes,Yes,1,Yes,No,No,2025-06-18,2026-09-15,Valid
CLM01206,Television,3,6,Active,Mechanical Failure,0,Yes,Yes,No,No,Yes,2,Yes,No,No,2026-06-04,2026-09-23,ManualReview
CLM00637,Washing Machine,20,24,Active,Overheating,1,Yes,Yes,No,Yes,Yes,1,Yes,No,No,2025-01-22,2026-09-17,Valid
CLM00269,Mobile Phone,16,18,Active,Overheating,1,Yes,Yes,No,Yes,Yes,1,Yes,No,No,2025-05-26,2026-09-18,Valid
CLM00015,Television,26,18,Expired,Electrical Fault,0,Yes,Yes,Yes,Yes,Yes,0,Yes,No,No,2024-07-15,2026-09-20,ManualReview
CLM01145,Mobile Phone,5,18,Active,Software Issue,1,No,Yes,Yes,Yes,Yes,0,Yes,No,No,2026-04-22,2026-09-21,Valid
CLM00738,Laptop,21,12,Expired,Mechanical Failure,1,Yes,No,Yes,No,Yes,2,Yes,No,No,2024-12-20,2026-09-18,Invalid
CLM00346,Washing Machine,4,6,Active,Software Issue,1,Yes,Yes,Yes,Yes,Yes,0,No,No,No,2026-05-14,2026-09-21,Valid
CLM00107,Television,20,18,Expired,Water Damage,2,Yes,Yes,Yes,Yes,Yes,0,Yes,Yes,No,2025-01-30,2026-09-15,Invalid
CLM00334,Mobile Phone,0,6,Active,Electrical Fault,2,Yes,Yes,Yes,Yes,No,1,Yes,No,No,2026-08-26,2026-09-13,ManualReview
CLM00395,Laptop,16,18,Active,Software Issue,1,Yes,Yes,Yes,Yes,Yes,0,Yes,No,Yes,2025-05-19,2026-09-22,ManualReview
CLM01181,Television,8,24,Active,Electrical Fault,2,Yes,Yes,Yes,No,Yes,1,Yes,No,No,2026-01-23,2026-09-21,ManualReview
CLM00940,Washing Machine,13,12,Expired,Mechanical Failure,1,Yes,Yes,Yes,Yes,Yes,0,No,No,No,2025-08-26,2026-09-23,Invalid
CLM01064,Television,2,24,Active,Overheating,1,Yes,Yes,No,Yes,Yes,1,Yes,No,No,2026-07-12,2026-09-16,Valid
CLM00818,Mobile Phone,14,24,Active,Overheating,2,Yes,Yes,Yes,Yes,Yes,0,Yes,No,No,2025-07-07,2026-09-17,Valid
CLM00372,Refrigerator,16,18,Active,Software Issue,2,Yes,Yes,Yes,Yes,Yes,0,Yes,No,Yes,2025-05-13,2026-09-16,ManualReview
CLM00472,Refrigerator,4,24,Active,Overheating,1,No,Yes,Yes,Yes,Yes,0,Yes,No,No,2026-05-20,2026-09-18,Valid
CLM00523,Air Conditioner,6,6,Expired,Electrical Fault,0,Yes,Yes,Yes,Yes,Yes,0,Yes,No,No,2026-03-03,2026-09-22,ManualReview
CLM00617,Washing Machine,15,24,Active,Electrical Fault,3,Yes,Yes,Yes,Yes,Yes,0,Yes,No,No,2025-06-16,2026-09-18,Valid
CLM00097,Air Conditioner,12,6,Expired,Software Issue,1,Yes,No,Yes,Yes,Yes,1,No,No,No,2025-08-30,2026-09-19,Invalid
CLM00802,Television,3,18,Active,Physical Damage,0,Yes,Yes,Yes,Yes,Yes,0,Yes,Yes,No,2026-06-04,2026-09-16,ManualReview
CLM01481,Air Conditioner,8,24,Active,Software Issue,0,Yes,Yes,Yes,Yes,Yes,0,Yes,No,No,2026-01-21,2026-09-19,Valid
CLM00959,Air Conditioner,8,12,Active,Overheating,1,Yes,Yes,No,Yes,Yes,1,Yes,No,No,2026-01-13,2026-09-17,Valid
CLM01249,Laptop,12,18,Active,Software Issue,1,No,Yes,Yes,Yes,Yes,0,Yes,No,No,2025-09-05,2026-09-19,Valid
CLM01308,Television,3,6,Active,Software Issue,2,Yes,Yes,Yes,Yes,Yes,0,Yes,No,No,2026-06-25,2026-09-19,Valid
CLM01447,Mobile Phone,2,24,Active,Overheating,3,Yes,Yes,No,Yes,Yes,1,Yes,No,No,2026-07-12,2026-09-14,Valid
CLM00578,Television,16,18,Active,Water Damage,3,No,Yes,No,Yes,Yes,1,Yes,Yes,No,2025-05-03,2026-09-17,Invalid
CLM01335,Laptop,9,24,Active,Overheating,1,Yes,Yes,Yes,No,Yes,1,Yes,No,No,2025-12-13,2026-09-14,Valid
CLM00549,Washing Machine,19,24,Active,Software Issue,0,Yes,Yes,Yes,Yes,Yes,0,Yes,No,No,2025-02-04,2026-09-21,Valid
CLM00604,Refrigerator,13,24,Active,Water Damage,0,Yes,Yes,Yes,Yes,Yes,0,No,Yes,No,2025-08-05,2026-09-15,Invalid
CLM00560,Washing Machine,14,6,Expired,Electrical Fault,0,Yes,Yes,Yes,No,No,2,Yes,No,No,2025-07-19,2026-09-23,Invalid
CLM00774,Television,32,24,Expired,Physical Damage,0,Yes,Yes,Yes,No,Yes,1,Yes,Yes,No,2024-02-03,2026-09-19,Invalid
CLM01014,Laptop,11,6,Expired,Water Damage,0,Yes,Yes,Yes,No,No,2,Yes,Yes,No,2025-10-11,2026-09-16,Invalid
CLM00585,Mobile Phone,3,24,Active,Overheating,1,Yes,Yes,Yes,Yes,No,1,Yes,No,No,2026-06-08,2026-09-16,Valid
CLM01435,Mobile Phone,2,12,Active,Mechanical Failure,0,Yes,Yes,Yes,Yes,Yes,0,Yes,No,No,2026-07-06,2026-09-20,Valid
CLM00454,Television,1,24,Active,Electrical Fault,3,Yes,Yes,Yes,Yes,Yes,0,Yes,No,No,2026-08-21,2026-09-20,Valid
CLM00867,Air Conditioner,13,6,Expired,Software Issue,0,Yes,No,Yes,Yes,Yes,1,Yes,No,No,2025-08-23,2026-09-16,ManualReview
CLM00320,Refrigerator,1,24,Active,Overheating,0,Yes,No,No,Yes,Yes,2,No,No,No,2026-08-16,2026-09-22,ManualReview
CLM00921,Washing Machine,17,24,Active,Water Damage,0,Yes,Yes,Yes,Yes,Yes,0,Yes,Yes,No,2025-04-13,2026-09-23,ManualReview
CLM01303,Laptop,15,24,Active,Electrical Fault,0,Yes,No,Yes,Yes,No,2,Yes,No,No,2025-06-10,2026-09-20,Valid
CLM00671,Washing Machine,10,6,Expired,Software Issue,1,Yes,Yes,Yes,Yes,Yes,0,Yes,No,No,2025-11-17,2026-09-19,ManualReview
CLM00561,Air Conditioner,10,6,Expired,Overheating,0,Yes,Yes,Yes,Yes,No,1,Yes,No,No,2025-11-24,2026-09-20,ManualReview
CLM00554,Laptop,10,6,Expired,Electrical Fault,0,Yes,Yes,Yes,Yes,Yes,0,No,No,No,2025-11-17,2026-09-15,Invalid
CLM01389,Mobile Phone,23,24,Active,Mechanical Failure,0,Yes,No,Yes,Yes,Yes,1,Yes,No,No,2024-10-24,2026-09-22,Valid
CLM01236,Mobile Phone,3,24,Active,Overheating,1,Yes,Yes,Yes,Yes,No,1,Yes,No,No,2026-06-18,2026-09-15,Valid
CLM00621,Refrigerator,7,6,Expired,Software Issue,1,Yes,Yes,Yes,Yes,Yes,0,Yes,No,No,2026-02-13,2026-09-22,ManualReview
CLM01268,Television,7,12,Active,Overheating,1,Yes,Yes,Yes,Yes,No,1,Yes,No,No,2026-01-30,2026-09-17,Valid
CLM01306,Mobile Phone,8,12,Active,Electrical Fault,2,Yes,Yes,Yes,Yes,Yes,0,Yes,No,No,2026-01-11,2026-09-15,Valid
CLM00688,Laptop,8,12,Active,Electrical Fault,0,Yes,Yes,Yes,Yes,No,1,Yes,No,No,2026-01-19,2026-09-13,Valid
CLM00517,Air Conditioner,14,18,Active,Electrical Fault,1,Yes,Yes,Yes,No,No,2,No,No,No,2025-07-20,2026-09-14,ManualReview
CLM00393,Refrigerator,6,24,Active,Physical Damage,1,No,Yes,No,Yes,Yes,1,Yes,Yes,No,2026-03-22,2026-09-14,Invalid
CLM01250,Television,22,24,Active,Software Issue,0,Yes,Yes,Yes,Yes,Yes,0,Yes,No,No,2024-11-19,2026-09-17,Valid
CLM00256,Laptop,18,18,Expired,Overheating,1,Yes,No,Yes,Yes,Yes,1,Yes,No,No,2025-03-28,2026-09-18,ManualReview
CLM00212,Mobile Phone,2,6,Active,Water Damage,1,Yes,Yes,No,Yes,Yes,1,Yes,Yes,No,2026-07-03,2026-09-18,ManualReview
CLM00449,Refrigerator,8,24,Active,Overheating,0,Yes,Yes,Yes,Yes,Yes,0,Yes,No,No,2026-01-07,2026-09-16,Valid
CLM00530,Washing Machine,12,18,Active,Mechanical Failure,2,Yes,Yes,Yes,Yes,Yes,0,Yes,No,No,2025-09-22,2026-09-19,Valid
CLM00791,Refrigerator,18,24,Active,Water Damage,0,Yes,Yes,Yes,No,Yes,1,Yes,Yes,No,2025-03-05,2026-09-20,Invalid
CLM00192,Laptop,10,24,Active,Electrical Fault,0,Yes,Yes,Yes,Yes,No,1,Yes,No,No,2025-11-27,2026-09-20,Valid
CLM00273,Washing Machine,3,6,Active,Software Issue,1,No,Yes,Yes,Yes,No,1,Yes,No,No,2026-06-02,2026-09-23,ManualReview
CLM01449,Air Conditioner,5,12,Active,Overheating,0,Yes,Yes,Yes,Yes,Yes,0,Yes,No,No,2026-03-29,2026-09-19,Valid
CLM01446,Refrigerator,2,12,Active,Software Issue,0,Yes,Yes,Yes,Yes,Yes,0,Yes,No,No,2026-07-24,2026-09-17,Valid
CLM00629,Washing Machine,4,6,Active,Physical Damage,0,Yes,Yes,No,No,No,3,Yes,Yes,No,2026-05-16,2026-09-16,Invalid
CLM00525,Refrigerator,26,24,Expired,Water Damage,1,Yes,No,Yes,Yes,Yes,1,Yes,Yes,No,2024-07-25,2026-09-20,Invalid
CLM00881,Refrigerator,14,6,Expired,Software Issue,0,Yes,No,Yes,No,Yes,2,Yes,No,No,2025-07-28,2026-09-15,Invalid
CLM00618,Refrigerator,11,18,Active,Physical Damage,1,Yes,No,Yes,Yes,Yes,1,Yes,Yes,No,2025-10-20,2026-09-17,ManualReview
CLM00925,Air Conditioner,10,6,Expired,Electrical Fault,2,Yes,Yes,Yes,No,Yes,1,Yes,No,No,2025-11-10,2026-09-15,Invalid
CLM00087,Refrigerator,2,12,Active,Overheating,2,Yes,Yes,Yes,Yes,No,1,Yes,No,No,2026-07-08,2026-09-16,ManualReview
CLM00464,Air Conditioner,14,18,Active,Overheating,0,Yes,Yes,Yes,Yes,Yes,0,Yes,No,No,2025-07-30,2026-09-21,Valid
CLM00487,Laptop,3,12,Active,Software Issue,0,Yes,No,Yes,Yes,Yes,1,Yes,No,No,2026-06-07,2026-09-17,Valid
CLM00771,Air Conditioner,15,6,Expired,Mechanical Failure,0,Yes,No,No,Yes,Yes,2,Yes,No,No,2025-06-25,2026-09-13,Invalid
CLM00481,Mobile Phone,2,6,Active,Software Issue,2,Yes,Yes,Yes,Yes,Yes,0,Yes,No,No,2026-07-23,2026-09-23,Valid
CLM01458,Washing Machine,11,18,Active,Mechanical Failure,1,Yes,Yes,Yes,Yes,Yes,0,Yes,No,No,2025-10-10,2026-09-16,Valid
CLM00955,Air Conditioner,27,18,Expired,Water Damage,0,Yes,Yes,No,Yes,Yes,1,Yes,Yes,No,2024-06-29,2026-09-14,Invalid
CLM00398,Television,11,12,Active,Water Damage,2,Yes,Yes,Yes,Yes,Yes,0,No,Yes,No,2025-09-30,2026-09-14,Invalid
CLM01092,Refrigerator,18,12,Expired,Electrical Fault,0,Yes,Yes,Yes,Yes,Yes,0,Yes,No,Yes,2025-03-22,2026-09-19,Invalid
CLM00607,Laptop,0,24,Active,Electrical Fault,2,Yes,No,Yes,Yes,Yes,1,Yes,No,No,2026-09-11,2026-09-19,ManualReview
CLM01437,Television,1,24,Active,Electrical Fault,1,Yes,Yes,Yes,Yes,Yes,0,Yes,No,No,2026-08-22,2026-09-18,Valid
CLM00628,Washing Machine,14,6,Expired,Overheating,1,Yes,Yes,Yes,Yes,Yes,0,No,No,No,2025-07-21,2026-09-22,Invalid
CLM00318,Laptop,27,18,Expired,Mechanical Failure,0,Yes,No,No,No,Yes,3,Yes,No,No,2024-06-22,2026-09-18,Invalid
CLM00312,Television,4,6,Active,Water Damage,1,Yes,Yes,Yes,Yes,Yes,0,Yes,Yes,No,2026-05-22,2026-09-17,ManualReview
CLM00933,Television,0,6,Active,Water Damage,1,Yes,Yes,No,Yes,Yes,1,No,Yes,No,2026-08-30,2026-09-16,Invalid
CLM00469,Refrigerator,15,6,Expired,Software Issue,1,Yes,Yes,Yes,Yes,Yes,0,Yes,No,No,2025-06-15,2026-09-14,ManualReview
CLM01405,Mobile Phone,6,24,Active,Overheating,1,Yes,Yes,No,Yes,Yes,1,Yes,No,No,2026-03-21,2026-09-19,Valid
CLM00769,Washing Machine,11,18,Active,Physical Damage,1,No,Yes,Yes,Yes,Yes,0,Yes,Yes,No,2025-10-24,2026-09-21,ManualReview
CLM00992,Air Conditioner,6,6,Expired,Overheating,0,Yes,Yes,No,Yes,Yes,1,Yes,No,No,2026-03-11,2026-09-19,Invalid
CLM01205,Television,5,24,Active,Physical Damage,2,Yes,Yes,Yes,Yes,Yes,0,Yes,Yes,No,2026-03-30,2026-09-20,ManualReview
CLM00591,Mobile Phone,1,6,Active,Software Issue,1,Yes,Yes,Yes,Yes,No,1,Yes,No,No,2026-08-07,2026-09-13,Valid
CLM00228,Laptop,1,12,Active,Physical Damage,0,Yes,No,Yes,Yes,Yes,1,Yes,Yes,No,2026-08-23,2026-09-22,Invalid
CLM01169,Refrigerator,0,24,Active,Electrical Fault,0,Yes,Yes,No,Yes,Yes,1,Yes,No,Yes,2026-09-09,2026-09-20,ManualReview
CLM00437,Washing Machine,15,6,Expired,Electrical Fault,0,Yes,No,No,Yes,No,3,Yes,No,No,2025-06-23,2026-09-14,Invalid
CLM01030,Washing Machine,17,12,Expired,Physical Damage,1,Yes,Yes,No,Yes,Yes,1,Yes,Yes,No,2025-04-20,2026-09-17,Invalid
CLM00988,Air Conditioner,17,12,Expired,Water Damage,0,Yes,Yes,Yes,Yes,Yes,0,Yes,Yes,No,2025-04-24,2026-09-15,Invalid
CLM00401,Air Conditioner,1,6,Active,Software Issue,0,Yes,Yes,No,Yes,Yes,1,Yes,No,No,2026-08-06,2026-09-22,Valid
CLM01282,Refrigerator,1,6,Active,Software Issue,0,Yes,Yes,Yes,Yes,Yes,0,Yes,No,No,2026-07-26,2026-09-19,Valid
CLM00642,Mobile Phone,6,18,Active,Water Damage,1,No,No,Yes,No,No,3,Yes,Yes,No,2026-03-11,2026-09-22,Invalid
CLM01011,Laptop,22,18,Expired,Overheating,0,Yes,Yes,Yes,Yes,Yes,0,Yes,No,No,2024-11-30,2026-09-22,ManualReview
CLM01239,Refrigerator,6,12,Active,Overheating,1,Yes,Yes,Yes,Yes,Yes,0,Yes,No,No,2026-03-11,2026-09-18,Valid
CLM01222,Air Conditioner,16,24,Active,Mechanical Failure,0,Yes,Yes,Yes,Yes,Yes,0,Yes,No,No,2025-05-14,2026-09-17,Valid
CLM00873,Laptop,1,24,Active,Mechanical Failure,1,Yes,Yes,Yes,Yes,No,1,Yes,No,No,2026-08-23,2026-09-19,Valid
CLM01025,Air Conditioner,6,24,Active,Physical Damage,1,No,Yes,Yes,Yes,Yes,0,Yes,Yes,No,2026-03-19,2026-09-19,ManualReview
CLM01374,Mobile Phone,8,18,Active,Electrical Fault,0,Yes,Yes,Yes,Yes,Yes,0,Yes,No,No,2026-01-20,2026-09-16,Valid
CLM00576,Air Conditioner,19,24,Active,Overheating,2,Yes,Yes,Yes,No,Yes,1,No,No,No,2025-02-25,2026-09-23,ManualReview
CLM00702,Television,3,24,Active,Mechanical Failure,0,Yes,Yes,Yes,Yes,No,1,Yes,No,No,2026-06-22,2026-09-17,Valid
CLM00415,Mobile Phone,4,12,Active,Electrical Fault,1,No,Yes,Yes,No,Yes,1,No,No,No,2026-05-14,2026-09-19,ManualReview
CLM01251,Mobile Phone,6,12,Active,Overheating,1,Yes,Yes,Yes,Yes,Yes,0,Yes,No,No,2026-02-27,2026-09-21,Valid
CLM01151,Laptop,3,12,Active,Software Issue,2,No,Yes,No,Yes,Yes,1,Yes,No,No,2026-06-13,2026-09-13,ManualReview
CLM00050,Air Conditioner,3,12,Active,Software Issue,0,Yes,Yes,Yes,Yes,Yes,0,Yes,No,Yes,2026-06-23,2026-09-15,ManualReview
CLM00051,Refrigerator,12,24,Active,Software Issue,0,Yes,Yes,Yes,Yes,Yes,0,Yes,No,No,2025-09-27,2026-09-13,Valid
CLM01450,Air Conditioner,20,24,Active,Electrical Fault,2,Yes,Yes,Yes,Yes,Yes,0,Yes,No,No,2025-01-02,2026-09-20,Valid
CLM00869,Laptop,3,6,Active,Water Damage,0,Yes,Yes,Yes,Yes,Yes,0,No,Yes,Yes,2026-06-21,2026-09-19,Invalid
CLM00505,Refrigerator,13,6,Expired,Physical Damage,1,Yes,Yes,No,Yes,Yes,1,Yes,Yes,No,2025-08-18,2026-09-15,Invalid
CLM01256,Refrigerator,10,24,Active,Electrical Fault,2,Yes,Yes,Yes,Yes,Yes,0,Yes,No,No,2025-11-26,2026-09-21,Valid
CLM00202,Television,6,6,Expired,Water Damage,2,Yes,No,Yes,Yes,No,2,Yes,Yes,No,2026-03-19,2026-09-23,Invalid
CLM01390,Air Conditioner,8,24,Active,Electrical Fault,0,Yes,Yes,Yes,Yes,Yes,0,Yes,No,No,2026-01-24,2026-09-19,Valid
CLM00241,Washing Machine,4,12,Active,Water Damage,0,Yes,Yes,Yes,Yes,No,1,Yes,Yes,No,2026-05-11,2026-09-21,ManualReview
CLM00482,Refrigerator,3,12,Active,Water Damage,2,Yes,Yes,Yes,Yes,No,1,Yes,Yes,No,2026-06-22,2026-09-18,ManualReview
CLM00134,Washing Machine,15,6,Expired,Software Issue,2,Yes,No,Yes,Yes,Yes,1,No,No,No,2025-06-02,2026-09-23,Invalid
CLM00730,Mobile Phone,7,18,Active,Electrical Fault,3,No,Yes,No,Yes,Yes,1,Yes,No,No,2026-02-23,2026-09-14,ManualReview
CLM00778,Laptop,14,6,Expired,Electrical Fault,0,Yes,Yes,Yes,Yes,Yes,0,Yes,No,Yes,2025-07-03,2026-09-21,Invalid
CLM01461,Television,1,18,Active,Mechanical Failure,1,Yes,Yes,Yes,Yes,Yes,0,Yes,No,No,2026-08-10,2026-09-18,Valid
CLM00537,Mobile Phone,13,12,Expired,Water Damage,0,Yes,Yes,No,Yes,No,2,Yes,Yes,No,2025-08-24,2026-09-18,Invalid
CLM00979,Television,19,24,Active,Mechanical Failure,0,Yes,Yes,Yes,No,No,2,Yes,No,No,2025-02-25,2026-09-13,ManualReview
CLM00868,Washing Machine,11,12,Active,Electrical Fault,0,Yes,Yes,Yes,No,Yes,1,Yes,No,No,2025-10-13,2026-09-14,Valid
CLM00005,Mobile Phone,30,24,Expired,Physical Damage,0,Yes,Yes,Yes,Yes,Yes,0,Yes,Yes,No,2024-03-31,2026-09-16,Invalid
CLM00264,Laptop,14,24,Active,Overheating,3,Yes,Yes,Yes,Yes,No,1,Yes,No,No,2025-07-16,2026-09-20,ManualReview
CLM00564,Television,21,12,Expired,Physical Damage,0,Yes,Yes,Yes,Yes,Yes,0,No,Yes,No,2024-12-12,2026-09-21,Invalid
CLM00985,Television,7,18,Active,Software Issue,1,No,Yes,Yes,Yes,Yes,0,No,No,No,2026-01-29,2026-09-21,ManualReview
CLM00550,Television,21,18,Expired,Physical Damage,0,Yes,Yes,Yes,Yes,Yes,0,Yes,Yes,No,2024-12-29,2026-09-20,Invalid
CLM00095,Washing Machine,7,6,Expired,Water Damage,0,Yes,Yes,No,Yes,Yes,1,Yes,Yes,No,2026-02-18,2026-09-17,Invalid
CLM01020,Refrigerator,10,12,Active,Software Issue,0,Yes,No,Yes,Yes,Yes,1,Yes,No,No,2025-11-17,2026-09-20,Valid
CLM01154,Washing Machine,4,6,Active,Overheating,0,Yes,Yes,Yes,Yes,No,1,Yes,No,No,2026-05-12,2026-09-19,ManualReview
CLM00480,Television,20,12,Expired,Physical Damage,1,Yes,No,No,Yes,Yes,2,Yes,Yes,Yes,2025-01-04,2026-09-16,Invalid
CLM01010,Mobile Phone,16,6,Expired,Mechanical Failure,2,No,Yes,No,Yes,Yes,1,Yes,No,No,2025-05-31,2026-09-13,Invalid
CLM00129,Washing Machine,16,24,Active,Water Damage,1,Yes,Yes,Yes,Yes,Yes,0,Yes,Yes,No,2025-05-05,2026-09-15,ManualReview
CLM00965,Air Conditioner,27,18,Expired,Software Issue,0,Yes,Yes,No,No,Yes,2,Yes,No,No,2024-06-20,2026-09-16,Invalid
CLM00922,Mobile Phone,13,6,Expired,Overheating,1,Yes,No,Yes,Yes,No,2,Yes,No,No,2025-08-27,2026-09-20,Invalid
CLM01214,Air Conditioner,4,12,Active,Electrical Fault,3,Yes,Yes,Yes,Yes,Yes,0,Yes,No,No,2026-04-28,2026-09-13,ManualReview
CLM00047,Laptop,0,12,Active,Mechanical Failure,2,Yes,Yes,Yes,Yes,Yes,0,Yes,No,No,2026-09-10,2026-09-18,Valid
CLM00824,Laptop,12,6,Expired,Electrical Fault,0,Yes,No,No,Yes,Yes,2,No,No,No,2025-09-21,2026-09-18,Invalid
CLM00382,Television,27,24,Expired,Software Issue,1,No,Yes,Yes,Yes,Yes,0,No,No,No,2024-07-04,2026-09-23,Invalid
CLM00400,Laptop,0,18,Active,Water Damage,0,Yes,Yes,Yes,No,Yes,1,Yes,Yes,No,2026-08-27,2026-09-16,ManualReview
CLM01358,Washing Machine,13,24,Active,Electrical Fault,1,Yes,Yes,Yes,Yes,Yes,0,Yes,No,No,2025-08-03,2026-09-22,Valid
CLM00651,Mobile Phone,8,6,Expired,Water Damage,1,Yes,Yes,No,Yes,No,2,No,Yes,Yes,2026-01-19,2026-09-13,Invalid
CLM00557,Refrigerator,20,12,Expired,Water Damage,0,Yes,Yes,Yes,Yes,Yes,0,Yes,Yes,No,2025-01-20,2026-09-16,Invalid
CLM01330,Mobile Phone,10,24,Active,Electrical Fault,2,Yes,Yes,Yes,Yes,Yes,0,Yes,No,No,2025-11-11,2026-09-14,Valid
CLM00157,Refrigerator,10,24,Active,Mechanical Failure,0,Yes,Yes,No,No,Yes,2,Yes,No,No,2025-11-21,2026-09-15,ManualReview
CLM00370,Laptop,2,18,Active,Physical Damage,1,Yes,Yes,Yes,Yes,Yes,0,Yes,Yes,No,2026-07-19,2026-09-23,ManualReview
CLM00306,Laptop,13,18,Active,Overheating,0,Yes,No,Yes,Yes,No,2,Yes,No,No,2025-07-31,2026-09-13,ManualReview
CLM01259,Laptop,17,18,Active,Mechanical Failure,1,Yes,Yes,Yes,Yes,Yes,0,Yes,No,No,2025-04-06,2026-09-21,Valid
CLM00426,Washing Machine,3,6,Active,Water Damage,0,Yes,Yes,Yes,Yes,Yes,0,Yes,Yes,No,2026-06-24,2026-09-20,ManualReview
CLM01373,Mobile Phone,1,6,Active,Mechanical Failure,0,Yes,Yes,Yes,Yes,Yes,0,Yes,No,No,2026-08-02,2026-09-23,Valid
CLM00276,Television,4,24,Active,Overheating,0,Yes,Yes,Yes,Yes,Yes,0,Yes,No,Yes,2026-05-19,2026-09-16,ManualReview
CLM00977,Washing Machine,9,6,Expired,Electrical Fault,1,Yes,No,Yes,Yes,No,2,Yes,No,Yes,2025-12-03,2026-09-21,Invalid
CLM00848,Laptop,19,24,Active,Electrical Fault,1,Yes,Yes,Yes,Yes,Yes,0,Yes,No,No,2025-02-06,2026-09-22,Valid
CLM00069,Refrigerator,16,18,Active,Physical Damage,0,Yes,No,Yes,Yes,No,2,Yes,Yes,Yes,2025-05-30,2026-09-23,Invalid
CLM00345,Laptop,19,18,Expired,Electrical Fault,0,Yes,Yes,Yes,Yes,Yes,0,No,No,No,2025-02-22,2026-09-17,ManualReview
CLM00017,Television,3,12,Active,Mechanical Failure,0,Yes,Yes,Yes,Yes,No,1,No,No,No,2026-06-01,2026-09-13,ManualReview
CLM00315,Air Conditioner,9,12,Active,Overheating,0,Yes,No,No,Yes,No,3,Yes,No,No,2025-12-16,2026-09-14,ManualReview
CLM01107,Mobile Phone,1,6,Active,Mechanical Failure,1,Yes,Yes,Yes,Yes,Yes,0,No,No,No,2026-08-12,2026-09-18,ManualReview
CLM01441,Refrigerator,2,6,Active,Electrical Fault,0,Yes,No,Yes,Yes,Yes,1,Yes,No,No,2026-06-26,2026-09-21,Valid
CLM00079,Refrigerator,9,6,Expired,Mechanical Failure,0,Yes,No,Yes,Yes,No,2,Yes,No,No,2025-12-05,2026-09-18,Invalid
CLM00485,Refrigerator,5,6,Active,Physical Damage,1,Yes,Yes,Yes,Yes,No,1,Yes,Yes,No,2026-04-04,2026-09-20,ManualReview
CLM01227,Washing Machine,3,12,Active,Mechanical Failure,0,Yes,Yes,Yes,No,Yes,1,Yes,No,No,2026-05-28,2026-09-23,Valid
CLM00088,Mobile Phone,11,12,Active,Physical Damage,0,Yes,Yes,Yes,Yes,Yes,0,Yes,Yes,No,2025-10-22,2026-09-19,ManualReview
CLM01229,Refrigerator,7,12,Active,Electrical Fault,0,Yes,Yes,Yes,No,Yes,1,Yes,No,No,2026-01-27,2026-09-18,Valid
CLM00707,Mobile Phone,24,18,Expired,Mechanical Failure,0,Yes,No,Yes,Yes,Yes,1,Yes,No,No,2024-10-02,2026-09-15,ManualReview
CLM01158,Television,4,6,Active,Physical Damage,1,Yes,Yes,Yes,Yes,Yes,0,Yes,Yes,No,2026-05-03,2026-09-14,ManualReview
CLM01168,Television,1,12,Active,Electrical Fault,1,No,Yes,Yes,Yes,Yes,0,Yes,No,No,2026-08-15,2026-09-15,Valid
CLM00471,Mobile Phone,8,12,Active,Mechanical Failure,0,Yes,Yes,No,Yes,Yes,1,Yes,No,No,2026-01-02,2026-09-20,Valid
CLM00885,Television,5,6,Active,Overheating,1,Yes,Yes,Yes,Yes,No,1,Yes,No,No,2026-04-20,2026-09-19,Valid
CLM00722,Washing Machine,3,6,Active,Water Damage,1,Yes,Yes,Yes,Yes,No,1,Yes,Yes,No,2026-06-07,2026-09-22,Invalid
CLM00931,Mobile Phone,8,12,Active,Water Damage,0,Yes,Yes,No,Yes,Yes,1,Yes,Yes,Yes,2025-12-28,2026-09-18,Invalid
CLM01046,Refrigerator,18,12,Expired,Water Damage,0,Yes,Yes,Yes,Yes,Yes,0,Yes,Yes,No,2025-03-15,2026-09-20,Invalid
CLM00391,Washing Machine,8,12,Active,Physical Damage,1,Yes,No,Yes,Yes,No,2,No,Yes,No,2026-01-14,2026-09-22,Invalid
CLM00389,Television,3,6,Active,Mechanical Failure,1,No,No,Yes,Yes,Yes,1,Yes,No,No,2026-05-30,2026-09-20,ManualReview
CLM00132,Laptop,7,6,Expired,Water Damage,0,Yes,Yes,Yes,No,Yes,1,Yes,Yes,No,2026-02-21,2026-09-15,Invalid
CLM00935,Laptop,14,6,Expired,Water Damage,2,Yes,No,Yes,Yes,Yes,1,No,Yes,No,2025-07-16,2026-09-16,Invalid
CLM00795,Refrigerator,4,24,Active,Overheating,0,Yes,No,Yes,Yes,Yes,1,Yes,No,No,2026-05-03,2026-09-19,Valid
CLM00290,Washing Machine,8,12,Active,Physical Damage,0,Yes,Yes,Yes,Yes,No,1,Yes,Yes,No,2026-01-11,2026-09-17,ManualReview
CLM00743,Refrigerator,3,18,Active,Water Damage,0,Yes,Yes,Yes,Yes,Yes,0,No,Yes,Yes,2026-06-01,2026-09-21,Invalid
CLM01409,Television,17,18,Active,Software Issue,0,Yes,Yes,Yes,Yes,No,1,Yes,No,No,2025-04-18,2026-09-22,Valid
CLM01369,Washing Machine,10,24,Active,Overheating,0,Yes,Yes,Yes,Yes,Yes,0,Yes,No,No,2025-11-13,2026-09-21,Valid
CLM00023,Mobile Phone,9,6,Expired,Overheating,0,Yes,Yes,Yes,Yes,No,1,No,No,Yes,2025-12-03,2026-09-20,Invalid
CLM00438,Air Conditioner,10,12,Active,Water Damage,1,Yes,Yes,Yes,Yes,Yes,0,Yes,Yes,No,2025-10-30,2026-09-15,ManualReview
CLM00009,Mobile Phone,15,12,Expired,Physical Damage,2,Yes,Yes,Yes,No,No,2,Yes,Yes,No,2025-06-30,2026-09-20,Invalid
CLM01208,Laptop,6,24,Active,Electrical Fault,0,Yes,Yes,No,Yes,Yes,1,No,No,No,2026-03-02,2026-09-16,ManualReview
CLM01348,Laptop,4,12,Active,Software Issue,0,Yes,Yes,Yes,Yes,Yes,0,Yes,No,No,2026-05-21,2026-09-13,Valid
CLM01387,Television,6,18,Active,Mechanical Failure,2,Yes,Yes,Yes,Yes,Yes,0,Yes,No,No,2026-03-14,2026-09-21,Valid
CLM00001,Television,22,24,Active,Electrical Fault,0,Yes,No,Yes,Yes,No,2,Yes,No,No,2024-11-16,2026-09-17,Valid
CLM01361,Mobile Phone,9,18,Active,Electrical Fault,1,Yes,Yes,Yes,Yes,Yes,0,Yes,No,No,2025-12-21,2026-09-16,Valid
CLM00906,Refrigerator,17,12,Expired,Software Issue,1,Yes,Yes,No,Yes,Yes,1,Yes,No,No,2025-04-10,2026-09-14,Invalid
CLM00754,Mobile Phone,15,6,Expired,Electrical Fault,0,Yes,No,Yes,No,Yes,2,No,No,No,2025-06-17,2026-09-19,Invalid
CLM01081,Mobile Phone,8,12,Active,Electrical Fault,1,No,Yes,Yes,Yes,Yes,0,No,No,No,2026-01-18,2026-09-23,ManualReview
CLM01476,Washing Machine,17,24,Active,Software Issue,0,Yes,Yes,Yes,No,Yes,1,Yes,No,No,2025-04-03,2026-09-14,Valid
CLM00708,Refrigerator,0,12,Active,Physical Damage,0,Yes,Yes,No,Yes,Yes,1,Yes,Yes,No,2026-09-06,2026-09-20,ManualReview
CLM00359,Laptop,8,12,Active,Software Issue,0,Yes,Yes,Yes,Yes,Yes,0,No,No,No,2026-01-18,2026-09-19,Valid
CLM00299,Air Conditioner,21,18,Expired,Water Damage,1,Yes,Yes,Yes,No,Yes,1,No,Yes,No,2024-12-10,2026-09-17,Invalid
CLM00840,Washing Machine,17,18,Active,Electrical Fault,0,Yes,Yes,Yes,Yes,Yes,0,Yes,No,Yes,2025-04-28,2026-09-14,ManualReview
CLM00151,Washing Machine,11,12,Active,Mechanical Failure,1,No,Yes,Yes,Yes,No,1,Yes,No,No,2025-10-23,2026-09-19,ManualReview
CLM00954,Laptop,11,18,Active,Mechanical Failure,1,Yes,Yes,No,Yes,No,2,No,No,No,2025-10-23,2026-09-23,ManualReview
CLM00991,Television,12,18,Active,Software Issue,1,Yes,Yes,Yes,No,Yes,1,Yes,No,No,2025-09-20,2026-09-22,Valid
CLM01451,Air Conditioner,9,24,Active,Software Issue,0,Yes,Yes,Yes,Yes,Yes,0,Yes,No,No,2025-12-22,2026-09-20,Valid
CLM00746,Mobile Phone,5,6,Active,Electrical Fault,1,Yes,Yes,Yes,Yes,Yes,0,Yes,No,No,2026-04-02,2026-09-23,Valid
CLM00431,Laptop,3,24,Active,Physical Damage,0,Yes,Yes,Yes,Yes,Yes,0,Yes,Yes,No,2026-06-12,2026-09-19,ManualReview
CLM00078,Television,13,12,Expired,Overheating,1,Yes,Yes,No,Yes,No,2,Yes,No,No,2025-08-09,2026-09-16,Invalid
CLM00807,Washing Machine,2,12,Active,Physical Damage,2,Yes,No,Yes,Yes,Yes,1,Yes,Yes,No,2026-06-30,2026-09-21,Invalid
CLM00513,Laptop,15,6,Expired,Overheating,2,Yes,Yes,Yes,Yes,Yes,0,Yes,No,No,2025-06-23,2026-09-16,Invalid
CLM00515,Television,2,6,Active,Software Issue,0,Yes,Yes,No,Yes,Yes,1,Yes,No,No,2026-07-15,2026-09-13,Valid
CLM01159,Mobile Phone,18,18,Expired,Electrical Fault,0,Yes,No,No,Yes,Yes,2,Yes,No,No,2025-03-16,2026-09-21,ManualReview
CLM01058,Television,1,12,Active,Overheating,0,Yes,Yes,Yes,Yes,No,1,Yes,No,No,2026-08-22,2026-09-21,Valid
CLM00854,Television,10,18,Active,Physical Damage,2,Yes,Yes,Yes,Yes,No,1,Yes,Yes,No,2025-11-26,2026-09-22,Invalid
CLM00067,Television,9,18,Active,Overheating,0,Yes,Yes,Yes,No,No,2,Yes,No,No,2025-12-05,2026-09-22,ManualReview
CLM00661,Refrigerator,21,12,Expired,Physical Damage,0,Yes,Yes,Yes,No,Yes,1,Yes,Yes,No,2024-12-25,2026-09-21,Invalid
CLM01415,Laptop,8,24,Active,Mechanical Failure,2,Yes,Yes,Yes,Yes,Yes,0,Yes,No,No,2026-01-02,2026-09-22,Valid
CLM01252,Television,7,24,Active,Mechanical Failure,1,No,Yes,Yes,Yes,Yes,0,Yes,No,No,2026-02-11,2026-09-23,Valid
CLM00444,Television,11,12,Active,Software Issue,0,Yes,Yes,Yes,Yes,Yes,0,Yes,No,No,2025-10-27,2026-09-23,Valid
CLM00695,Washing Machine,13,6,Expired,Overheating,0,Yes,Yes,No,Yes,No,2,No,No,No,2025-08-06,2026-09-21,Invalid
CLM00782,Mobile Phone,10,12,Active,Electrical Fault,0,Yes,Yes,Yes,Yes,Yes,0,Yes,No,No,2025-11-01,2026-09-21,Valid
CLM01301,Refrigerator,1,12,Active,Electrical Fault,0,Yes,Yes,Yes,No,Yes,1,Yes,No,No,2026-08-20,2026-09-19,Valid
CLM01124,Air Conditioner,10,24,Active,Physical Damage,1,Yes,Yes,Yes,No,No,2,Yes,Yes,No,2025-11-02,2026-09-13,ManualReview
CLM01327,Air Conditioner,22,24,Active,Mechanical Failure,1,Yes,Yes,No,Yes,Yes,1,Yes,No,No,2024-11-14,2026-09-20,Valid
CLM01178,Mobile Phone,3,12,Active,Water Damage,0,Yes,Yes,Yes,Yes,Yes,0,Yes,Yes,No,2026-06-02,2026-09-15,ManualReview
CLM00301,Television,10,12,Active,Overheating,2,Yes,No,No,Yes,Yes,2,Yes,No,No,2025-10-29,2026-09-16,ManualReview
CLM01500,Laptop,4,18,Active,Electrical Fault,0,Yes,Yes,Yes,No,Yes,1,Yes,No,No,2026-05-08,2026-09-17,Valid
CLM00971,Mobile Phone,29,24,Expired,Electrical Fault,0,Yes,Yes,Yes,Yes,Yes,0,Yes,No,No,2024-05-06,2026-09-13,ManualReview
CLM00765,Air Conditioner,26,18,Expired,Water Damage,0,Yes,No,No,Yes,No,3,Yes,Yes,No,2024-07-23,2026-09-15,Invalid
CLM01365,Mobile Phone,6,24,Active,Electrical Fault,1,Yes,No,Yes,Yes,Yes,1,Yes,No,No,2026-03-22,2026-09-14,Valid
CLM01496,Washing Machine,2,24,Active,Electrical Fault,1,No,Yes,No,Yes,Yes,1,Yes,No,No,2026-07-17,2026-09-18,Valid
CLM01012,Refrigerator,19,24,Active,Electrical Fault,2,Yes,Yes,Yes,Yes,Yes,0,Yes,No,No,2025-02-17,2026-09-17,ManualReview
CLM01339,Television,8,12,Active,Mechanical Failure,0,Yes,Yes,Yes,Yes,Yes,0,Yes,No,No,2026-01-12,2026-09-16,Valid
CLM01422,Washing Machine,9,12,Active,Overheating,1,Yes,No,Yes,Yes,Yes,1,Yes,No,No,2025-12-12,2026-09-17,Valid
CLM00948,Mobile Phone,6,24,Active,Electrical Fault,0,Yes,No,Yes,Yes,Yes,1,Yes,No,No,2026-03-11,2026-09-15,Valid
CLM00146,Refrigerator,13,24,Active,Mechanical Failure,2,Yes,Yes,Yes,Yes,Yes,0,Yes,No,No,2025-08-26,2026-09-22,Valid
CLM00042,Air Conditioner,13,6,Expired,Water Damage,1,Yes,Yes,Yes,Yes,Yes,0,Yes,Yes,No,2025-08-28,2026-09-16,Invalid
CLM01122,Refrigerator,0,6,Active,Mechanical Failure,0,Yes,Yes,Yes,Yes,Yes,0,Yes,No,No,2026-09-02,2026-09-23,Valid
CLM00835,Washing Machine,17,18,Active,Overheating,0,Yes,Yes,No,Yes,Yes,1,No,No,No,2025-04-06,2026-09-13,ManualReview
CLM00928,Refrigerator,8,18,Active,Overheating,1,Yes,Yes,Yes,No,Yes,1,Yes,No,Yes,2026-01-17,2026-09-14,ManualReview
CLM01024,Refrigerator,19,12,Expired,Electrical Fault,0,Yes,Yes,No,Yes,Yes,1,Yes,No,Yes,2025-02-13,2026-09-22,Invalid
CLM00923,Television,3,6,Active,Electrical Fault,1,Yes,Yes,No,Yes,Yes,1,Yes,No,No,2026-06-02,2026-09-17,ManualReview
CLM00974,Television,3,6,Active,Electrical Fault,3,Yes,Yes,Yes,Yes,Yes,0,Yes,No,No,2026-05-29,2026-09-14,Valid
CLM00962,Mobile Phone,23,24,Active,Software Issue,1,No,Yes,Yes,Yes,Yes,0,Yes,No,No,2024-10-19,2026-09-22,Valid
CLM00342,Television,15,6,Expired,Electrical Fault,0,Yes,No,Yes,Yes,No,2,Yes,No,No,2025-06-24,2026-09-20,Invalid
CLM00994,Mobile Phone,8,18,Active,Overheating,0,Yes,Yes,Yes,Yes,No,1,Yes,No,No,2025-12-28,2026-09-19,Valid
CLM00052,Washing Machine,2,12,Active,Electrical Fault,0,Yes,No,Yes,Yes,No,2,No,No,No,2026-06-29,2026-09-21,Invalid
CLM00524,Washing Machine,1,18,Active,Software Issue,2,Yes,Yes,Yes,No,Yes,1,Yes,No,No,2026-08-09,2026-09-16,ManualReview
CLM01028,Mobile Phone,9,6,Expired,Overheating,1,Yes,Yes,Yes,Yes,Yes,0,Yes,No,No,2025-12-03,2026-09-18,ManualReview
CLM00943,Refrigerator,15,18,Active,Water Damage,0,Yes,Yes,Yes,Yes,No,1,Yes,Yes,No,2025-06-02,2026-09-16,Invalid
CLM01492,Refrigerator,20,24,Active,Software Issue,0,Yes,Yes,Yes,Yes,Yes,0,Yes,No,No,2025-01-16,2026-09-14,Valid
CLM01041,Refrigerator,26,24,Expired,Electrical Fault,0,Yes,Yes,No,Yes,Yes,1,Yes,No,No,2024-07-11,2026-09-15,Invalid
CLM00452,Television,17,18,Active,Overheating,0,Yes,Yes,Yes,Yes,Yes,0,Yes,No,No,2025-04-03,2026-09-20,Valid
CLM00646,Air Conditioner,16,24,Active,Water Damage,2,Yes,Yes,Yes,Yes,Yes,0,Yes,Yes,No,2025-05-08,2026-09-15,ManualReview
CLM00185,Washing Machine,15,6,Expired,Physical Damage,0,Yes,No,Yes,Yes,Yes,1,Yes,Yes,No,2025-06-01,2026-09-19,Invalid
CLM00587,Washing Machine,2,6,Active,Water Damage,1,No,Yes,Yes,No,Yes,1,Yes,Yes,No,2026-07-01,2026-09-15,Invalid
CLM00361,Laptop,11,6,Expired,Overheating,1,Yes,Yes,No,Yes,No,2,Yes,No,No,2025-10-02,2026-09-14,Invalid
CLM00783,Mobile Phone,11,6,Expired,Physical Damage,2,Yes,No,Yes,Yes,No,2,Yes,Yes,No,2025-10-26,2026-09-15,Invalid
CLM01235,Television,6,12,Active,Software Issue,0,Yes,Yes,No,Yes,Yes,1,Yes,No,No,2026-03-19,2026-09-19,Valid
CLM00551,Washing Machine,12,6,Expired,Electrical Fault,0,Yes,Yes,Yes,Yes,No,1,No,No,No,2025-09-15,2026-09-19,Invalid
CLM01186,Television,11,24,Active,Software Issue,1,Yes,Yes,Yes,Yes,Yes,0,Yes,No,No,2025-10-20,2026-09-19,Valid
CLM00919,Mobile Phone,3,18,Active,Overheating,0,Yes,Yes,No,Yes,Yes,1,Yes,No,No,2026-06-12,2026-09-20,Valid
CLM00788,Television,4,6,Active,Electrical Fault,0,Yes,Yes,Yes,No,Yes,1,Yes,No,No,2026-05-24,2026-09-22,Valid
CLM00797,Mobile Phone,6,6,Expired,Overheating,1,Yes,Yes,No,Yes,Yes,1,Yes,No,No,2026-03-09,2026-09-16,ManualReview
CLM01221,Refrigerator,4,6,Active,Software Issue,0,Yes,Yes,Yes,No,Yes,1,Yes,No,No,2026-05-23,2026-09-19,Valid
CLM00572,Air Conditioner,15,12,Expired,Mechanical Failure,0,Yes,No,Yes,Yes,Yes,1,Yes,No,No,2025-06-30,2026-09-22,ManualReview
CLM00993,Laptop,4,6,Active,Water Damage,1,Yes,Yes,Yes,Yes,Yes,0,No,Yes,No,2026-05-02,2026-09-22,Invalid
CLM01069,Television,4,24,Active,Overheating,0,Yes,Yes,Yes,Yes,Yes,0,Yes,No,No,2026-05-01,2026-09-19,Valid
CLM00267,Air Conditioner,11,18,Active,Electrical Fault,0,Yes,No,Yes,Yes,Yes,1,Yes,No,No,2025-10-06,2026-09-13,Valid
CLM00455,Air Conditioner,13,12,Expired,Software Issue,2,Yes,Yes,No,Yes,Yes,1,Yes,No,No,2025-08-26,2026-09-20,Invalid
CLM00626,Refrigerator,15,18,Active,Mechanical Failure,0,Yes,Yes,Yes,Yes,No,1,Yes,No,No,2025-06-03,2026-09-16,Valid
CLM00253,Air Conditioner,7,12,Active,Software Issue,1,Yes,Yes,Yes,Yes,Yes,0,Yes,No,No,2026-02-22,2026-09-16,Valid
CLM00153,Refrigerator,25,18,Expired,Mechanical Failure,0,Yes,Yes,Yes,No,No,2,Yes,No,No,2024-08-07,2026-09-18,Invalid
CLM01110,Refrigerator,11,6,Expired,Overheating,1,Yes,No,No,Yes,Yes,2,No,No,No,2025-10-17,2026-09-13,Invalid
CLM00872,Laptop,27,18,Expired,Electrical Fault,0,Yes,Yes,Yes,Yes,Yes,0,Yes,No,No,2024-06-26,2026-09-23,ManualReview
CLM01148,Air Conditioner,1,24,Active,Software Issue,0,Yes,No,Yes,Yes,Yes,1,Yes,No,Yes,2026-08-20,2026-09-21,ManualReview
CLM01484,Mobile Phone,8,18,Active,Software Issue,1,Yes,Yes,Yes,Yes,Yes,0,Yes,No,No,2026-01-12,2026-09-20,Valid
CLM01469,Washing Machine,3,24,Active,Electrical Fault,0,Yes,Yes,Yes,Yes,Yes,0,Yes,No,No,2026-06-02,2026-09-22,Valid
CLM00897,Air Conditioner,14,6,Expired,Water Damage,2,Yes,No,Yes,Yes,Yes,1,Yes,Yes,No,2025-07-25,2026-09-23,Invalid
CLM01029,Mobile Phone,18,18,Expired,Overheating,0,Yes,Yes,Yes,Yes,No,1,No,No,No,2025-03-15,2026-09-19,Invalid
CLM00123,Television,14,24,Active,Software Issue,1,Yes,No,Yes,Yes,Yes,1,Yes,No,No,2025-07-02,2026-09-18,Valid
CLM00019,Laptop,12,6,Expired,Overheating,0,Yes,No,Yes,Yes,Yes,1,Yes,No,No,2025-09-07,2026-09-14,ManualReview
CLM00468,Laptop,3,12,Active,Physical Damage,0,Yes,Yes,Yes,Yes,Yes,0,Yes,Yes,No,2026-06-03,2026-09-22,ManualReview
CLM00440,Mobile Phone,10,18,Active,Software Issue,0,Yes,Yes,No,Yes,Yes,1,Yes,No,No,2025-11-17,2026-09-18,Valid
CLM00876,Refrigerator,3,6,Active,Water Damage,0,Yes,Yes,Yes,Yes,Yes,0,No,Yes,No,2026-06-14,2026-09-19,Invalid
CLM00907,Television,6,6,Expired,Software Issue,0,Yes,Yes,Yes,Yes,Yes,0,Yes,No,No,2026-03-04,2026-09-14,ManualReview
CLM01367,Television,19,24,Active,Software Issue,0,Yes,Yes,Yes,Yes,Yes,0,Yes,No,No,2025-02-28,2026-09-17,Valid
CLM00020,Air Conditioner,19,12,Expired,Physical Damage,1,Yes,No,Yes,Yes,Yes,1,Yes,Yes,No,2025-03-01,2026-09-20,Invalid
CLM00796,Washing Machine,6,6,Expired,Physical Damage,0,Yes,Yes,Yes,Yes,No,1,Yes,Yes,No,2026-03-09,2026-09-21,Invalid
CLM00809,Laptop,6,6,Expired,Software Issue,2,Yes,Yes,Yes,Yes,Yes,0,Yes,No,No,2026-03-22,2026-09-16,ManualReview
CLM01384,Refrigerator,4,6,Active,Electrical Fault,0,Yes,Yes,Yes,Yes,No,1,Yes,No,No,2026-05-23,2026-09-20,Valid
CLM00555,Air Conditioner,21,18,Expired,Mechanical Failure,0,Yes,Yes,No,Yes,Yes,1,No,No,No,2025-01-01,2026-09-18,Invalid
CLM00527,Mobile Phone,24,18,Expired,Software Issue,3,Yes,No,Yes,No,Yes,2,Yes,No,No,2024-09-30,2026-09-13,Invalid
CLM00856,Laptop,1,6,Active,Mechanical Failure,2,Yes,Yes,Yes,Yes,Yes,0,Yes,No,No,2026-08-15,2026-09-21,ManualReview
CLM01455,Refrigerator,20,24,Active,Electrical Fault,0,Yes,Yes,Yes,No,Yes,1,Yes,No,No,2025-01-13,2026-09-15,Valid
CLM01265,Laptop,8,24,Active,Overheating,0,Yes,Yes,Yes,Yes,Yes,0,Yes,No,No,2026-01-04,2026-09-13,Valid
CLM00456,Refrigerator,6,12,Active,Mechanical Failure,0,Yes,Yes,Yes,Yes,Yes,0,Yes,No,No,2026-03-07,2026-09-15,Valid
CLM00946,Mobile Phone,17,12,Expired,Electrical Fault,0,Yes,Yes,No,Yes,No,2,Yes,No,No,2025-04-18,2026-09-23,Invalid
CLM01233,Television,10,24,Active,Software Issue,0,Yes,Yes,Yes,Yes,No,1,Yes,No,No,2025-11-02,2026-09-21,Valid
CLM01445,Air Conditioner,16,24,Active,Mechanical Failure,1,No,Yes,Yes,Yes,Yes,0,Yes,No,No,2025-05-14,2026-09-20,Valid
CLM01396,Refrigerator,14,18,Active,Electrical Fault,1,Yes,Yes,Yes,Yes,No,1,Yes,No,No,2025-07-16,2026-09-14,Valid
CLM00230,Air Conditioner,26,18,Expired,Mechanical Failure,0,Yes,Yes,No,Yes,No,2,Yes,No,No,2024-07-24,2026-09-18,Invalid
CLM01016,Mobile Phone,4,24,Active,Software Issue,1,Yes,Yes,Yes,Yes,Yes,0,Yes,No,No,2026-05-13,2026-09-13,Valid
CLM00104,Refrigerator,10,12,Active,Mechanical Failure,0,Yes,Yes,Yes,Yes,Yes,0,Yes,No,No,2025-11-16,2026-09-18,Valid
CLM00793,Mobile Phone,2,6,Active,Software Issue,1,No,Yes,Yes,Yes,Yes,0,No,No,No,2026-07-21,2026-09-18,ManualReview
CLM00553,Washing Machine,2,12,Active,Software Issue,1,Yes,Yes,No,No,No,3,Yes,No,No,2026-07-05,2026-09-23,ManualReview
CLM01342,Refrigerator,11,12,Active,Software Issue,0,Yes,Yes,Yes,Yes,Yes,0,Yes,No,No,2025-10-16,2026-09-14,Valid
CLM00887,Refrigerator,20,12,Expired,Electrical Fault,1,No,Yes,Yes,Yes,Yes,0,Yes,No,No,2025-01-23,2026-09-22,ManualReview
CLM00864,Television,6,6,Expired,Physical Damage,1,No,Yes,No,Yes,Yes,1,Yes,Yes,No,2026-03-07,2026-09-13,Invalid
CLM00206,Refrigerator,20,12,Expired,Overheating,3,No,Yes,Yes,Yes,Yes,0,Yes,No,Yes,2025-01-08,2026-09-19,Invalid
CLM00387,Television,5,24,Active,Overheating,0,Yes,Yes,No,Yes,Yes,1,Yes,No,No,2026-04-05,2026-09-21,Valid
CLM00665,Refrigerator,19,12,Expired,Software Issue,0,Yes,Yes,Yes,Yes,Yes,0,Yes,No,No,2025-03-01,2026-09-13,ManualReview
CLM01273,Television,11,18,Active,Software Issue,0,Yes,Yes,Yes,Yes,Yes,0,Yes,No,No,2025-10-04,2026-09-20,Valid
CLM00509,Washing Machine,10,12,Active,Electrical Fault,0,Yes,Yes,No,No,Yes,2,Yes,No,No,2025-11-03,2026-09-13,ManualReview
CLM00849,Mobile Phone,16,12,Expired,Water Damage,3,Yes,Yes,Yes,Yes,No,1,Yes,Yes,No,2025-05-25,2026-09-15,Invalid
CLM00313,Mobile Phone,8,24,Active,Water Damage,1,No,Yes,Yes,Yes,Yes,0,Yes,Yes,No,2026-01-25,2026-09-14,ManualReview
CLM01040,Refrigerator,9,6,Expired,Overheating,0,Yes,Yes,Yes,Yes,No,1,Yes,No,No,2025-12-11,2026-09-21,ManualReview
CLM01279,Laptop,10,12,Active,Overheating,0,Yes,Yes,Yes,Yes,Yes,0,Yes,No,No,2025-11-14,2026-09-14,Valid
CLM00232,Mobile Phone,10,12,Active,Mechanical Failure,1,Yes,Yes,Yes,No,Yes,1,Yes,No,No,2025-11-09,2026-09-14,Valid
CLM00373,Air Conditioner,1,12,Active,Physical Damage,2,No,Yes,Yes,Yes,Yes,0,Yes,Yes,No,2026-08-06,2026-09-13,Invalid
CLM00895,Television,5,6,Active,Physical Damage,2,Yes,Yes,Yes,Yes,Yes,0,Yes,Yes,No,2026-03-31,2026-09-15,ManualReview
CLM00245,Laptop,10,12,Active,Physical Damage,0,Yes,Yes,Yes,No,Yes,1,Yes,Yes,No,2025-11-10,2026-09-16,ManualReview
CLM01078,Laptop,11,18,Active,Physical Damage,1,Yes,Yes,No,Yes,Yes,1,Yes,Yes,No,2025-10-06,2026-09-18,Invalid
CLM00562,Mobile Phone,1,24,Active,Physical Damage,2,Yes,No,No,Yes,No,3,Yes,Yes,No,2026-07-28,2026-09-22,Invalid
CLM01116,Air Conditioner,8,24,Active,Software Issue,1,Yes,Yes,Yes,Yes,Yes,0,Yes,No,No,2026-01-15,2026-09-19,Valid
CLM00956,Mobile Phone,28,24,Expired,Mechanical Failure,1,No,No,No,Yes,Yes,2,Yes,No,No,2024-05-16,2026-09-21,Invalid
CLM01457,Refrigerator,10,24,Active,Software Issue,0,Yes,Yes,Yes,No,Yes,1,Yes,No,No,2025-11-27,2026-09-16,Valid
CLM00397,Mobile Phone,32,24,Expired,Overheating,0,Yes,Yes,Yes,Yes,Yes,0,No,No,No,2024-01-13,2026-09-18,Invalid
CLM00605,Washing Machine,18,12,Expired,Physical Damage,0,Yes,Yes,No,Yes,Yes,1,Yes,Yes,No,2025-03-09,2026-09-13,Invalid
CLM00898,Laptop,18,12,Expired,Overheating,1,No,Yes,Yes,Yes,Yes,0,Yes,No,No,2025-03-05,2026-09-21,ManualReview
CLM00544,Air Conditioner,26,24,Expired,Electrical Fault,0,Yes,Yes,Yes,No,Yes,1,No,No,No,2024-07-16,2026-09-19,Invalid
CLM01413,Laptop,5,18,Active,Overheating,0,Yes,Yes,No,Yes,Yes,1,Yes,No,No,2026-04-06,2026-09-22,Valid
CLM00745,Mobile Phone,5,12,Active,Physical Damage,1,No,Yes,No,Yes,No,2,Yes,Yes,No,2026-04-20,2026-09-17,Invalid
CLM00242,Mobile Phone,26,18,Expired,Mechanical Failure,1,Yes,No,Yes,No,No,3,Yes,No,No,2024-07-09,2026-09-23,Invalid
CLM00666,Washing Machine,5,12,Active,Mechanical Failure,1,Yes,Yes,Yes,Yes,No,1,Yes,No,No,2026-04-07,2026-09-19,Valid
CLM01418,Air Conditioner,0,24,Active,Software Issue,0,Yes,Yes,Yes,Yes,Yes,0,Yes,No,No,2026-09-09,2026-09-20,Valid
CLM01123,Mobile Phone,13,18,Active,Electrical Fault,2,Yes,Yes,Yes,No,No,2,Yes,No,No,2025-08-29,2026-09-22,ManualReview
CLM01063,Laptop,14,12,Expired,Water Damage,1,Yes,Yes,Yes,Yes,Yes,0,Yes,Yes,No,2025-07-03,2026-09-14,Invalid
CLM00223,Television,19,18,Expired,Mechanical Failure,0,Yes,Yes,Yes,No,Yes,1,Yes,No,No,2025-02-28,2026-09-23,Invalid
CLM01133,Air Conditioner,8,12,Active,Water Damage,0,Yes,Yes,Yes,Yes,No,1,Yes,Yes,No,2026-01-19,2026-09-17,ManualReview
CLM00510,Television,11,12,Active,Electrical Fault,1,Yes,Yes,Yes,Yes,No,1,Yes,No,No,2025-10-27,2026-09-14,Valid
CLM00792,Mobile Phone,21,12,Expired,Software Issue,0,Yes,No,Yes,Yes,Yes,1,No,No,Yes,2024-12-18,2026-09-16,Invalid
CLM00363,Washing Machine,14,6,Expired,Mechanical Failure,0,Yes,Yes,Yes,Yes,Yes,0,Yes,No,No,2025-07-12,2026-09-23,ManualReview
CLM01131,Laptop,8,12,Active,Electrical Fault,0,Yes,No,Yes,Yes,Yes,1,No,No,No,2025-12-31,2026-09-21,ManualReview
CLM00595,Refrigerator,11,24,Active,Physical Damage,3,Yes,Yes,Yes,Yes,No,1,Yes,Yes,No,2025-10-15,2026-09-18,Invalid
CLM01499,Washing Machine,11,12,Active,Overheating,1,No,Yes,Yes,Yes,Yes,0,Yes,No,No,2025-10-19,2026-09-20,Valid
CLM00064,Laptop,0,6,Active,Electrical Fault,0,Yes,Yes,Yes,No,Yes,1,Yes,No,No,2026-09-12,2026-09-19,Valid
CLM01397,Laptop,5,6,Active,Electrical Fault,0,Yes,Yes,No,Yes,Yes,1,Yes,No,No,2026-04-07,2026-09-20,Valid
CLM01285,Laptop,4,6,Active,Software Issue,0,Yes,Yes,Yes,Yes,Yes,0,Yes,No,No,2026-05-14,2026-09-19,Valid
CLM00442,Television,6,6,Expired,Water Damage,0,Yes,Yes,No,Yes,Yes,1,No,Yes,No,2026-03-23,2026-09-20,Invalid
CLM00579,Refrigerator,7,12,Active,Electrical Fault,0,Yes,Yes,Yes,Yes,Yes,0,No,No,No,2026-01-29,2026-09-17,ManualReview
CLM01033,Air Conditioner,13,6,Expired,Software Issue,0,Yes,Yes,No,Yes,Yes,1,Yes,No,No,2025-08-19,2026-09-20,ManualReview
CLM00441,Laptop,13,6,Expired,Physical Damage,0,Yes,Yes,No,No,Yes,2,Yes,Yes,No,2025-08-23,2026-09-18,Invalid
CLM00798,Refrigerator,20,12,Expired,Overheating,2,Yes,Yes,No,Yes,No,2,Yes,No,No,2025-01-04,2026-09-14,Invalid
CLM00915,Mobile Phone,6,18,Active,Electrical Fault,0,Yes,Yes,Yes,Yes,Yes,0,Yes,No,No,2026-03-23,2026-09-13,Valid
CLM00908,Television,16,12,Expired,Mechanical Failure,1,Yes,No,Yes,No,No,3,Yes,No,No,2025-05-22,2026-09-13,Invalid
CLM00463,Television,4,12,Active,Overheating,1,Yes,Yes,Yes,No,Yes,1,Yes,No,No,2026-04-30,2026-09-23,ManualReview
CLM01258,Refrigerator,15,24,Active,Mechanical Failure,1,Yes,Yes,Yes,No,Yes,1,Yes,No,No,2025-06-29,2026-09-22,Valid
CLM01336,Washing Machine,21,24,Active,Electrical Fault,0,Yes,Yes,Yes,Yes,Yes,0,No,No,No,2024-12-03,2026-09-20,Valid
CLM01051,Mobile Phone,13,6,Expired,Mechanical Failure,0,Yes,Yes,No,Yes,Yes,1,Yes,No,No,2025-08-26,2026-09-21,ManualReview
CLM00099,Air Conditioner,11,12,Active,Electrical Fault,0,Yes,Yes,Yes,Yes,No,1,No,No,No,2025-10-14,2026-09-15,ManualReview
CLM00041,Laptop,11,6,Expired,Water Damage,0,Yes,Yes,Yes,Yes,Yes,0,Yes,Yes,No,2025-10-27,2026-09-15,Invalid
CLM00033,Television,4,6,Active,Physical Damage,0,Yes,Yes,Yes,No,Yes,1,Yes,Yes,No,2026-05-08,2026-09-13,ManualReview
CLM00622,Television,17,12,Expired,Physical Damage,0,Yes,No,Yes,Yes,Yes,1,Yes,Yes,No,2025-04-23,2026-09-19,Invalid
CLM00810,Mobile Phone,5,6,Active,Water Damage,0,Yes,Yes,Yes,No,Yes,1,Yes,Yes,No,2026-04-10,2026-09-17,ManualReview
CLM00606,Air Conditioner,2,12,Active,Water Damage,0,Yes,Yes,Yes,Yes,Yes,0,Yes,Yes,Yes,2026-06-30,2026-09-19,Invalid
CLM00275,Air Conditioner,33,24,Expired,Electrical Fault,0,Yes,Yes,Yes,Yes,Yes,0,Yes,No,No,2023-12-21,2026-09-21,ManualReview
CLM00060,Washing Machine,14,12,Expired,Physical Damage,2,Yes,Yes,Yes,Yes,Yes,0,Yes,Yes,No,2025-07-06,2026-09-15,Invalid
CLM00115,Refrigerator,4,12,Active,Overheating,0,Yes,Yes,Yes,Yes,Yes,0,Yes,No,No,2026-05-09,2026-09-13,Valid
CLM01357,Refrigerator,6,18,Active,Software Issue,0,Yes,Yes,No,Yes,Yes,1,Yes,No,No,2026-03-04,2026-09-19,Valid
CLM00691,Refrigerator,21,24,Active,Overheating,0,Yes,Yes,Yes,Yes,No,1,No,No,No,2024-12-20,2026-09-22,ManualReview
CLM01341,Washing Machine,8,24,Active,Electrical Fault,0,Yes,Yes,Yes,Yes,Yes,0,Yes,No,No,2026-01-18,2026-09-23,Valid
CLM01432,Washing Machine,1,18,Active,Overheating,0,Yes,Yes,Yes,Yes,Yes,0,Yes,No,No,2026-07-29,2026-09-13,Valid
CLM01474,Laptop,3,6,Active,Overheating,0,Yes,Yes,Yes,No,Yes,1,Yes,No,No,2026-06-07,2026-09-15,Valid
CLM01202,Television,14,18,Active,Overheating,0,Yes,Yes,Yes,Yes,Yes,0,Yes,No,No,2025-07-21,2026-09-13,Valid
CLM00942,Mobile Phone,1,18,Active,Water Damage,2,No,No,Yes,Yes,Yes,1,No,Yes,No,2026-07-30,2026-09-15,Invalid
CLM00495,Mobile Phone,1,18,Active,Overheating,2,Yes,Yes,Yes,Yes,No,1,Yes,No,No,2026-07-27,2026-09-17,ManualReview
CLM00024,Washing Machine,19,24,Active,Mechanical Failure,0,Yes,No,Yes,Yes,No,2,Yes,No,No,2025-02-15,2026-09-19,ManualReview
CLM01172,Mobile Phone,10,18,Active,Water Damage,0,Yes,Yes,Yes,Yes,Yes,0,Yes,Yes,No,2025-11-27,2026-09-17,ManualReview
CLM00521,Refrigerator,11,24,Active,Overheating,0,Yes,Yes,Yes,Yes,No,1,Yes,No,No,2025-10-11,2026-09-23,Valid
CLM00018,Air Conditioner,15,6,Expired,Mechanical Failure,0,Yes,Yes,Yes,No,Yes,1,Yes,No,No,2025-06-05,2026-09-17,ManualReview
CLM00195,Refrigerator,11,6,Expired,Electrical Fault,1,Yes,Yes,No,Yes,Yes,1,Yes,No,No,2025-10-01,2026-09-17,ManualReview
CLM00475,Air Conditioner,33,24,Expired,Physical Damage,0,Yes,Yes,Yes,Yes,Yes,0,No,Yes,No,2023-12-17,2026-09-17,Invalid
CLM01112,Television,18,24,Active,Software Issue,0,Yes,No,No,No,Yes,3,No,No,No,2025-03-20,2026-09-14,Invalid
CLM00896,Laptop,5,12,Active,Overheating,1,Yes,Yes,Yes,Yes,Yes,0,Yes,No,No,2026-04-25,2026-09-19,Valid
CLM00756,Refrigerator,20,24,Active,Electrical Fault,0,Yes,Yes,Yes,No,Yes,1,No,No,No,2025-01-15,2026-09-17,ManualReview
CLM01220,Refrigerator,19,12,Expired,Electrical Fault,1,Yes,No,Yes,Yes,Yes,1,Yes,No,No,2025-02-27,2026-09-17,ManualReview
CLM00664,Refrigerator,32,24,Expired,Physical Damage,0,Yes,Yes,No,Yes,Yes,1,Yes,Yes,No,2024-01-20,2026-09-18,Invalid
CLM00172,Laptop,9,18,Active,Water Damage,0,Yes,Yes,Yes,No,Yes,1,Yes,Yes,No,2025-12-07,2026-09-20,Invalid
CLM00493,Washing Machine,15,6,Expired,Physical Damage,2,No,Yes,Yes,Yes,No,1,Yes,Yes,No,2025-06-17,2026-09-17,Invalid
CLM00658,Washing Machine,24,24,Expired,Software Issue,0,Yes,Yes,Yes,Yes,No,1,Yes,No,No,2024-09-14,2026-09-15,ManualReview
CLM01488,Laptop,3,12,Active,Software Issue,0,Yes,Yes,Yes,Yes,No,1,Yes,No,No,2026-06-05,2026-09-22,Valid
CLM00136,Mobile Phone,16,12,Expired,Overheating,1,Yes,Yes,Yes,No,Yes,1,Yes,No,Yes,2025-05-15,2026-09-13,Invalid
CLM00692,Air Conditioner,18,12,Expired,Water Damage,0,Yes,Yes,No,Yes,Yes,1,Yes,Yes,No,2025-04-01,2026-09-21,Invalid
CLM00035,Refrigerator,11,6,Expired,Mechanical Failure,1,Yes,Yes,Yes,No,No,2,Yes,No,No,2025-10-28,2026-09-20,Invalid
CLM00287,Air Conditioner,0,6,Active,Physical Damage,1,Yes,Yes,No,No,No,3,Yes,Yes,No,2026-09-12,2026-09-13,Invalid
CLM00296,Mobile Phone,4,24,Active,Overheating,2,No,Yes,Yes,Yes,Yes,0,No,No,No,2026-04-28,2026-09-13,ManualReview
CLM01188,Mobile Phone,5,24,Active,Physical Damage,2,Yes,Yes,Yes,No,Yes,1,Yes,Yes,No,2026-04-22,2026-09-16,ManualReview
CLM00667,Washing Machine,21,12,Expired,Electrical Fault,0,Yes,Yes,No,Yes,Yes,1,Yes,No,No,2024-12-03,2026-09-17,Invalid
CLM00683,Mobile Phone,7,12,Active,Mechanical Failure,0,Yes,Yes,Yes,Yes,Yes,0,Yes,No,No,2026-02-20,2026-09-18,Valid
CLM00568,Television,21,18,Expired,Mechanical Failure,2,No,No,No,Yes,No,3,Yes,No,No,2025-01-01,2026-09-19,Invalid
CLM00219,Air Conditioner,4,24,Active,Mechanical Failure,2,Yes,Yes,No,Yes,No,2,Yes,No,No,2026-04-29,2026-09-13,ManualReview
CLM00760,Television,13,6,Expired,Software Issue,1,No,Yes,No,Yes,No,2,Yes,No,No,2025-08-23,2026-09-16,Invalid
CLM00712,Washing Machine,3,12,Active,Electrical Fault,0,Yes,No,Yes,Yes,Yes,1,Yes,No,No,2026-06-17,2026-09-23,Valid
CLM00360,Washing Machine,14,12,Expired,Water Damage,1,Yes,Yes,Yes,Yes,Yes,0,Yes,Yes,No,2025-07-25,2026-09-18,Invalid
CLM00294,Laptop,5,18,Active,Physical Damage,0,Yes,Yes,No,Yes,No,2,Yes,Yes,No,2026-04-12,2026-09-15,Invalid
CLM01370,Air Conditioner,1,6,Active,Electrical Fault,0,Yes,Yes,Yes,Yes,Yes,0,Yes,No,No,2026-08-12,2026-09-21,Valid
CLM01269,Washing Machine,1,24,Active,Mechanical Failure,0,Yes,Yes,Yes,Yes,Yes,0,Yes,No,No,2026-08-24,2026-09-16,Valid
CLM00352,Air Conditioner,10,6,Expired,Overheating,0,Yes,Yes,No,Yes,Yes,1,Yes,No,No,2025-11-26,2026-09-15,Invalid
CLM00996,Refrigerator,11,12,Active,Water Damage,3,No,Yes,Yes,Yes,Yes,0,Yes,Yes,Yes,2025-10-12,2026-09-16,Invalid
CLM00742,Refrigerator,2,24,Active,Physical Damage,1,Yes,No,No,Yes,No,3,Yes,Yes,No,2026-07-11,2026-09-17,Invalid
CLM00833,Refrigerator,15,18,Active,Physical Damage,0,Yes,Yes,No,Yes,Yes,1,Yes,Yes,Yes,2025-06-13,2026-09-21,Invalid
CLM00286,Television,1,24,Active,Software Issue,0,Yes,Yes,Yes,Yes,Yes,0,Yes,No,No,2026-08-11,2026-09-20,Valid
CLM00734,Laptop,12,6,Expired,Mechanical Failure,1,Yes,Yes,No,Yes,Yes,1,Yes,No,No,2025-09-22,2026-09-21,ManualReview
CLM01100,Washing Machine,20,12,Expired,Electrical Fault,0,Yes,Yes,Yes,No,Yes,1,Yes,No,No,2025-01-12,2026-09-14,Invalid
CLM00855,Mobile Phone,11,6,Expired,Physical Damage,1,Yes,Yes,Yes,Yes,Yes,0,Yes,Yes,No,2025-10-13,2026-09-22,Invalid
CLM00633,Washing Machine,2,12,Active,Water Damage,1,No,Yes,Yes,Yes,No,1,Yes,Yes,No,2026-07-04,2026-09-14,Invalid
CLM01224,Washing Machine,5,18,Active,Water Damage,1,No,Yes,No,Yes,Yes,1,Yes,Yes,No,2026-04-11,2026-09-14,ManualReview
CLM00031,Air Conditioner,3,18,Active,Mechanical Failure,1,Yes,Yes,Yes,Yes,No,1,Yes,No,No,2026-06-20,2026-09-14,Valid
CLM00012,Washing Machine,10,6,Expired,Mechanical Failure,0,Yes,Yes,Yes,Yes,No,1,Yes,No,No,2025-11-27,2026-09-19,ManualReview
CLM00761,Mobile Phone,18,12,Expired,Mechanical Failure,2,Yes,Yes,Yes,Yes,Yes,0,Yes,No,No,2025-03-05,2026-09-16,ManualReview
CLM01264,Refrigerator,7,24,Active,Overheating,3,Yes,Yes,Yes,Yes,Yes,0,Yes,No,No,2026-02-07,2026-09-21,Valid
CLM00852,Mobile Phone,24,24,Expired,Mechanical Failure,1,Yes,Yes,Yes,Yes,Yes,0,No,No,No,2024-09-04,2026-09-17,ManualReview
CLM01149,Television,10,6,Expired,Software Issue,0,Yes,Yes,Yes,No,Yes,1,Yes,No,No,2025-10-31,2026-09-15,ManualReview
CLM01444,Television,4,6,Active,Software Issue,1,Yes,Yes,Yes,Yes,Yes,0,Yes,No,No,2026-05-15,2026-09-23,Valid
CLM00007,Laptop,1,6,Active,Overheating,1,Yes,Yes,Yes,Yes,Yes,0,No,No,No,2026-08-13,2026-09-16,ManualReview
CLM00210,Air Conditioner,13,6,Expired,Electrical Fault,1,Yes,Yes,Yes,Yes,Yes,0,Yes,No,No,2025-08-08,2026-09-18,ManualReview
CLM00776,Laptop,9,6,Expired,Physical Damage,2,Yes,Yes,No,No,No,3,Yes,Yes,No,2025-12-04,2026-09-22,Invalid
CLM00860,Mobile Phone,10,6,Expired,Mechanical Failure,1,Yes,Yes,Yes,Yes,Yes,0,Yes,No,No,2025-11-03,2026-09-16,ManualReview
CLM01305,Air Conditioner,6,24,Active,Overheating,1,Yes,Yes,No,Yes,Yes,1,Yes,No,No,2026-03-15,2026-09-21,Valid
CLM00425,Laptop,5,24,Active,Water Damage,0,Yes,Yes,Yes,No,Yes,1,Yes,Yes,No,2026-04-02,2026-09-21,ManualReview
CLM01314,Television,4,12,Active,Software Issue,0,Yes,Yes,Yes,Yes,Yes,0,Yes,No,No,2026-05-11,2026-09-22,Valid
CLM00889,Air Conditioner,8,18,Active,Electrical Fault,0,Yes,Yes,Yes,No,Yes,1,Yes,No,No,2026-01-20,2026-09-18,Valid
CLM00165,Washing Machine,8,6,Expired,Physical Damage,0,Yes,Yes,Yes,Yes,Yes,0,Yes,Yes,No,2026-01-18,2026-09-20,Invalid
CLM00323,Air Conditioner,4,12,Active,Software Issue,2,Yes,Yes,Yes,No,Yes,1,Yes,No,No,2026-05-15,2026-09-20,Valid
CLM01080,Refrigerator,1,24,Active,Water Damage,1,Yes,Yes,No,Yes,Yes,1,Yes,Yes,No,2026-07-27,2026-09-15,ManualReview
CLM00541,Mobile Phone,10,6,Expired,Overheating,0,Yes,Yes,Yes,No,Yes,1,Yes,No,No,2025-11-07,2026-09-17,Invalid
CLM00768,Laptop,0,12,Active,Water Damage,2,Yes,No,No,No,Yes,3,Yes,Yes,No,2026-09-04,2026-09-22,Invalid
CLM00303,Mobile Phone,11,12,Active,Software Issue,0,Yes,Yes,Yes,Yes,No,1,Yes,No,Yes,2025-10-26,2026-09-17,ManualReview
CLM01471,Laptop,7,18,Active,Electrical Fault,1,Yes,Yes,Yes,Yes,Yes,0,Yes,No,No,2026-02-25,2026-09-21,Valid
CLM01068,Television,20,12,Expired,Overheating,0,Yes,Yes,No,Yes,Yes,1,Yes,No,Yes,2025-01-10,2026-09-21,Invalid
CLM00344,Air Conditioner,7,6,Expired,Software Issue,0,Yes,Yes,Yes,Yes,Yes,0,Yes,No,Yes,2026-02-18,2026-09-18,Invalid
CLM01400,Laptop,15,24,Active,Mechanical Failure,3,Yes,No,Yes,Yes,Yes,1,Yes,No,No,2025-06-09,2026-09-23,Valid
CLM00032,Washing Machine,4,12,Active,Water Damage,3,Yes,Yes,No,Yes,Yes,1,Yes,Yes,No,2026-05-24,2026-09-13,Invalid
CLM01321,Laptop,2,12,Active,Electrical Fault,0,Yes,Yes,Yes,Yes,Yes,0,Yes,No,No,2026-07-14,2026-09-17,Valid
CLM00110,Mobile Phone,22,24,Active,Electrical Fault,1,Yes,Yes,Yes,Yes,Yes,0,Yes,No,No,2024-11-05,2026-09-20,Valid
CLM00420,Air Conditioner,16,18,Active,Physical Damage,2,Yes,Yes,No,Yes,Yes,1,Yes,Yes,No,2025-05-09,2026-09-20,Invalid
CLM00217,Mobile Phone,13,24,Active,Electrical Fault,0,Yes,Yes,No,Yes,Yes,1,Yes,No,No,2025-08-04,2026-09-13,Valid
CLM00927,Refrigerator,9,18,Active,Water Damage,2,Yes,Yes,Yes,No,Yes,1,Yes,Yes,No,2025-12-22,2026-09-18,Invalid
CLM00751,Refrigerator,21,12,Expired,Software Issue,0,Yes,Yes,Yes,Yes,Yes,0,Yes,No,Yes,2024-12-10,2026-09-14,Invalid
CLM00877,Laptop,0,12,Active,Overheating,1,Yes,No,No,No,Yes,3,Yes,No,No,2026-09-03,2026-09-18,ManualReview
CLM01408,Washing Machine,3,12,Active,Software Issue,1,Yes,Yes,Yes,Yes,Yes,0,Yes,No,No,2026-06-22,2026-09-22,Valid
CLM00958,Washing Machine,18,12,Expired,Mechanical Failure,1,Yes,Yes,Yes,No,Yes,1,No,No,No,2025-03-20,2026-09-20,Invalid
CLM00090,Television,12,12,Expired,Water Damage,0,Yes,Yes,Yes,Yes,No,1,Yes,Yes,No,2025-09-10,2026-09-19,Invalid
CLM00603,Washing Machine,8,6,Expired,Physical Damage,0,Yes,Yes,Yes,Yes,Yes,0,Yes,Yes,No,2026-01-08,2026-09-14,Invalid
CLM00178,Mobile Phone,29,24,Expired,Mechanical Failure,0,Yes,Yes,Yes,Yes,Yes,0,Yes,No,No,2024-04-24,2026-09-18,ManualReview
CLM01246,Laptop,0,18,Active,Overheating,0,Yes,Yes,Yes,Yes,No,1,Yes,No,No,2026-09-04,2026-09-16,Valid
CLM00329,Television,10,18,Active,Physical Damage,1,Yes,Yes,No,Yes,Yes,1,Yes,Yes,No,2025-11-01,2026-09-14,ManualReview
CLM00652,Laptop,21,18,Expired,Software Issue,0,Yes,No,Yes,Yes,Yes,1,Yes,No,No,2024-12-29,2026-09-13,Invalid
CLM01490,Washing Machine,2,6,Active,Overheating,0,Yes,Yes,Yes,Yes,Yes,0,Yes,No,No,2026-06-28,2026-09-22,Valid
CLM00899,Washing Machine,22,24,Active,Software Issue,0,Yes,Yes,No,Yes,Yes,1,Yes,No,No,2024-11-03,2026-09-23,Valid
CLM01049,Air Conditioner,5,18,Active,Water Damage,3,Yes,Yes,No,Yes,Yes,1,Yes,Yes,No,2026-04-01,2026-09-19,Invalid
CLM00801,Mobile Phone,4,12,Active,Physical Damage,1,Yes,Yes,No,No,No,3,No,Yes,No,2026-05-26,2026-09-16,Invalid
CLM00266,Refrigerator,2,24,Active,Water Damage,2,Yes,Yes,No,Yes,Yes,1,No,Yes,No,2026-07-19,2026-09-17,Invalid
CLM00427,Refrigerator,4,6,Active,Electrical Fault,2,Yes,No,No,Yes,Yes,2,Yes,No,Yes,2026-05-13,2026-09-13,Invalid
CLM00154,Refrigerator,11,6,Expired,Software Issue,0,Yes,Yes,Yes,Yes,Yes,0,No,No,No,2025-10-27,2026-09-21,Invalid
CLM01119,Laptop,10,18,Active,Software Issue,3,Yes,No,Yes,No,No,3,Yes,No,No,2025-11-07,2026-09-16,ManualReview
CLM00103,Refrigerator,4,12,Active,Electrical Fault,0,Yes,No,No,Yes,Yes,2,Yes,No,No,2026-05-22,2026-09-16,Valid
CLM00759,Television,23,24,Active,Software Issue,1,Yes,Yes,No,Yes,Yes,1,Yes,No,No,2024-10-18,2026-09-22,Valid
CLM00982,Refrigerator,17,12,Expired,Water Damage,1,Yes,Yes,Yes,Yes,Yes,0,Yes,Yes,No,2025-04-13,2026-09-17,Invalid
CLM01084,Washing Machine,10,6,Expired,Overheating,1,Yes,Yes,No,Yes,Yes,1,No,No,No,2025-11-13,2026-09-13,Invalid
CLM01184,Laptop,18,24,Active,Water Damage,0,Yes,Yes,Yes,Yes,Yes,0,Yes,Yes,No,2025-03-15,2026-09-22,ManualReview
CLM01109,Washing Machine,2,12,Active,Mechanical Failure,0,Yes,Yes,Yes,Yes,Yes,0,Yes,No,No,2026-07-19,2026-09-13,Valid
CLM00347,Laptop,3,18,Active,Overheating,0,Yes,Yes,Yes,Yes,No,1,Yes,No,No,2026-06-05,2026-09-23,ManualReview
CLM01105,Refrigerator,6,6,Expired,Physical Damage,1,Yes,No,Yes,Yes,Yes,1,Yes,Yes,Yes,2026-03-09,2026-09-14,Invalid
CLM01177,Refrigerator,17,12,Expired,Software Issue,0,Yes,Yes,No,Yes,Yes,1,Yes,No,No,2025-04-18,2026-09-23,ManualReview
CLM00641,Television,11,24,Active,Software Issue,1,Yes,Yes,Yes,Yes,No,1,No,No,No,2025-09-29,2026-09-16,ManualReview
CLM00225,Television,15,18,Active,Water Damage,0,Yes,Yes,Yes,Yes,No,1,No,Yes,Yes,2025-06-16,2026-09-21,Invalid
CLM01056,Washing Machine,5,6,Active,Software Issue,3,Yes,Yes,Yes,Yes,Yes,0,Yes,No,No,2026-04-02,2026-09-15,Valid
CLM01302,Mobile Phone,3,24,Active,Software Issue,1,Yes,No,Yes,Yes,Yes,1,Yes,No,No,2026-05-28,2026-09-20,Valid
CLM01497,Air Conditioner,1,6,Active,Mechanical Failure,0,Yes,Yes,No,Yes,Yes,1,Yes,No,No,2026-08-07,2026-09-17,Valid
CLM00803,Washing Machine,0,6,Active,Overheating,0,Yes,Yes,Yes,Yes,Yes,0,No,No,No,2026-09-04,2026-09-20,ManualReview
CLM00653,Washing Machine,3,6,Active,Software Issue,2,Yes,Yes,No,Yes,Yes,1,Yes,No,No,2026-06-09,2026-09-15,ManualReview
CLM00597,Air Conditioner,20,12,Expired,Software Issue,0,Yes,No,Yes,Yes,Yes,1,Yes,No,No,2025-01-20,2026-09-15,ManualReview
CLM00045,Washing Machine,10,12,Active,Water Damage,3,No,Yes,Yes,No,No,2,Yes,Yes,No,2025-10-29,2026-09-20,Invalid
CLM00194,Refrigerator,23,24,Active,Electrical Fault,0,Yes,Yes,Yes,No,Yes,1,Yes,No,No,2024-10-22,2026-09-14,ManualReview
CLM01477,Refrigerator,7,18,Active,Overheating,1,Yes,Yes,Yes,Yes,Yes,0,Yes,No,No,2026-02-11,2026-09-16,Valid
CLM00909,Television,20,24,Active,Electrical Fault,0,Yes,Yes,No,Yes,Yes,1,Yes,No,No,2025-01-28,2026-09-20,Valid
CLM00473,Television,22,24,Active,Software Issue,2,Yes,Yes,Yes,No,Yes,1,Yes,No,No,2024-11-15,2026-09-15,ManualReview
CLM00101,Refrigerator,2,6,Active,Mechanical Failure,0,Yes,No,Yes,Yes,Yes,1,Yes,No,No,2026-07-18,2026-09-13,Valid
CLM00199,Television,1,12,Active,Water Damage,0,Yes,Yes,Yes,Yes,Yes,0,Yes,Yes,No,2026-08-03,2026-09-13,ManualReview
CLM00108,Air Conditioner,3,18,Active,Physical Damage,0,Yes,Yes,No,Yes,No,2,Yes,Yes,No,2026-06-08,2026-09-19,Invalid
CLM00362,Television,5,18,Active,Physical Damage,2,Yes,No,No,Yes,Yes,2,Yes,Yes,No,2026-03-30,2026-09-15,Invalid
CLM00569,Washing Machine,11,18,Active,Electrical Fault,2,Yes,Yes,Yes,No,Yes,1,No,No,No,2025-10-19,2026-09-23,ManualReview
CLM00043,Washing Machine,26,18,Expired,Software Issue,0,Yes,Yes,Yes,Yes,Yes,0,Yes,No,No,2024-07-20,2026-09-14,ManualReview
CLM00812,Washing Machine,10,6,Expired,Mechanical Failure,2,Yes,Yes,Yes,Yes,Yes,0,Yes,No,No,2025-10-29,2026-09-20,ManualReview
CLM01047,Mobile Phone,18,12,Expired,Mechanical Failure,0,Yes,No,Yes,Yes,Yes,1,Yes,No,No,2025-03-15,2026-09-14,Invalid
CLM01059,Air Conditioner,6,12,Active,Mechanical Failure,1,No,No,Yes,Yes,Yes,1,No,No,No,2026-03-21,2026-09-20,ManualReview
CLM01284,Mobile Phone,20,24,Active,Software Issue,0,Yes,Yes,Yes,No,Yes,1,Yes,No,No,2025-01-25,2026-09-20,Valid
CLM00684,Mobile Phone,12,12,Expired,Software Issue,0,Yes,Yes,No,Yes,Yes,1,Yes,No,Yes,2025-09-24,2026-09-20,Invalid
CLM01226,Laptop,11,12,Active,Software Issue,0,Yes,Yes,No,Yes,Yes,1,Yes,No,No,2025-10-17,2026-09-22,Valid
CLM00137,Washing Machine,2,6,Active,Electrical Fault,0,Yes,Yes,Yes,Yes,Yes,0,No,No,No,2026-07-09,2026-09-21,Valid
CLM01438,Laptop,2,18,Active,Electrical Fault,2,Yes,Yes,Yes,No,Yes,1,Yes,No,No,2026-07-10,2026-09-18,Valid
CLM01171,Washing Machine,14,12,Expired,Overheating,1,Yes,Yes,Yes,No,Yes,1,Yes,No,No,2025-07-14,2026-09-15,ManualReview
CLM01230,Air Conditioner,2,24,Active,Mechanical Failure,1,Yes,Yes,Yes,Yes,Yes,0,Yes,No,No,2026-07-08,2026-09-20,Valid
CLM00247,Washing Machine,5,18,Active,Electrical Fault,1,Yes,No,Yes,Yes,Yes,1,Yes,No,No,2026-04-12,2026-09-17,Valid
CLM00584,Washing Machine,30,24,Expired,Water Damage,1,No,No,Yes,Yes,Yes,1,Yes,Yes,Yes,2024-03-29,2026-09-23,Invalid
CLM00118,Washing Machine,18,18,Expired,Overheating,0,Yes,Yes,Yes,No,Yes,1,Yes,No,No,2025-03-28,2026-09-14,ManualReview
CLM01470,Air Conditioner,3,12,Active,Electrical Fault,0,Yes,Yes,Yes,Yes,Yes,0,Yes,No,No,2026-06-18,2026-09-15,Valid
CLM00704,Mobile Phone,25,24,Expired,Electrical Fault,1,Yes,Yes,Yes,Yes,Yes,0,Yes,No,No,2024-08-14,2026-09-21,ManualReview
CLM01189,Television,15,12,Expired,Overheating,0,Yes,Yes,Yes,No,Yes,1,Yes,No,No,2025-06-03,2026-09-22,ManualReview
CLM00436,Washing Machine,9,6,Expired,Electrical Fault,1,No,Yes,Yes,No,Yes,1,Yes,No,No,2025-12-09,2026-09-13,Invalid
CLM00972,Laptop,3,18,Active,Physical Damage,1,Yes,Yes,No,Yes,Yes,1,Yes,Yes,No,2026-06-01,2026-09-21,ManualReview
CLM00308,Air Conditioner,7,12,Active,Electrical Fault,1,No,Yes,No,No,Yes,2,No,No,No,2026-01-29,2026-09-19,Invalid
CLM01082,Television,22,18,Expired,Overheating,0,Yes,No,Yes,Yes,Yes,1,Yes,No,No,2024-11-10,2026-09-22,ManualReview
CLM00546,Television,1,6,Active,Electrical Fault,0,Yes,Yes,No,Yes,No,2,Yes,No,No,2026-08-20,2026-09-17,ManualReview
CLM00396,Air Conditioner,12,18,Active,Software Issue,1,No,Yes,Yes,No,Yes,1,Yes,No,No,2025-09-18,2026-09-16,ManualReview
CLM00640,Washing Machine,1,12,Active,Water Damage,0,Yes,Yes,Yes,Yes,Yes,0,No,Yes,No,2026-07-30,2026-09-13,ManualReview
CLM01144,Washing Machine,10,24,Active,Water Damage,0,Yes,Yes,No,Yes,No,2,Yes,Yes,No,2025-11-12,2026-09-18,ManualReview
CLM00689,Air Conditioner,16,24,Active,Water Damage,1,Yes,No,Yes,Yes,No,2,No,Yes,No,2025-05-20,2026-09-22,Invalid
CLM00917,Air Conditioner,1,6,Active,Software Issue,0,Yes,Yes,Yes,Yes,Yes,0,Yes,No,No,2026-08-02,2026-09-21,Valid
CLM01044,Air Conditioner,9,6,Expired,Mechanical Failure,0,Yes,Yes,No,Yes,Yes,1,Yes,No,Yes,2025-12-03,2026-09-14,Invalid
CLM00453,Television,10,18,Active,Physical Damage,1,Yes,Yes,No,Yes,No,2,Yes,Yes,No,2025-11-27,2026-09-13,ManualReview
CLM00741,Television,8,24,Active,Software Issue,0,Yes,No,No,Yes,Yes,2,Yes,No,Yes,2026-01-21,2026-09-13,Invalid
CLM00690,Washing Machine,8,18,Active,Mechanical Failure,0,Yes,Yes,Yes,Yes,No,1,No,No,No,2026-01-02,2026-09-18,ManualReview
CLM00862,Washing Machine,13,6,Expired,Software Issue,1,Yes,No,Yes,Yes,No,2,No,No,No,2025-08-14,2026-09-18,Invalid
CLM00944,Refrigerator,7,6,Expired,Electrical Fault,1,Yes,No,No,Yes,No,3,Yes,No,No,2026-02-10,2026-09-20,Invalid
CLM00894,Television,2,12,Active,Electrical Fault,1,No,Yes,Yes,Yes,Yes,0,Yes,No,No,2026-07-08,2026-09-18,Valid
CLM00964,Laptop,29,24,Expired,Mechanical Failure,2,Yes,Yes,Yes,Yes,Yes,0,Yes,No,No,2024-04-13,2026-09-21,ManualReview
CLM00027,Refrigerator,16,12,Expired,Physical Damage,0,Yes,No,Yes,Yes,No,2,No,Yes,No,2025-05-23,2026-09-17,Invalid
CLM00340,Washing Machine,22,18,Expired,Electrical Fault,0,Yes,Yes,Yes,No,Yes,1,Yes,No,No,2024-11-05,2026-09-14,ManualReview
CLM00821,Air Conditioner,1,12,Active,Software Issue,1,Yes,Yes,No,Yes,Yes,1,Yes,No,Yes,2026-08-19,2026-09-18,ManualReview
CLM00586,Refrigerator,18,18,Active,Electrical Fault,0,Yes,No,Yes,Yes,Yes,1,Yes,No,No,2025-04-01,2026-09-20,Valid
CLM00184,Mobile Phone,17,12,Expired,Physical Damage,2,Yes,Yes,Yes,Yes,Yes,0,Yes,Yes,No,2025-04-14,2026-09-17,Invalid
CLM00836,Mobile Phone,8,12,Active,Mechanical Failure,0,Yes,Yes,Yes,Yes,No,1,Yes,No,No,2026-01-17,2026-09-15,ManualReview
CLM00357,Mobile Phone,9,12,Active,Software Issue,1,Yes,No,Yes,No,Yes,2,Yes,No,No,2025-12-26,2026-09-20,ManualReview
CLM00348,Washing Machine,23,24,Active,Overheating,1,Yes,Yes,Yes,Yes,Yes,0,Yes,No,No,2024-10-10,2026-09-18,Valid
CLM00893,Refrigerator,16,24,Active,Mechanical Failure,1,Yes,No,Yes,Yes,Yes,1,Yes,No,No,2025-05-13,2026-09-17,Valid
CLM01404,Washing Machine,5,18,Active,Mechanical Failure,0,Yes,Yes,No,Yes,Yes,1,Yes,No,No,2026-04-21,2026-09-13,Valid
CLM01167,Washing Machine,11,24,Active,Physical Damage,1,No,Yes,Yes,Yes,Yes,0,Yes,Yes,No,2025-10-11,2026-09-18,ManualReview
CLM01155,Washing Machine,0,24,Active,Overheating,0,Yes,Yes,Yes,Yes,Yes,0,No,No,No,2026-08-30,2026-09-16,Valid
CLM01088,Washing Machine,19,18,Expired,Software Issue,1,Yes,Yes,Yes,Yes,Yes,0,Yes,No,No,2025-03-02,2026-09-21,ManualReview
CLM00317,Television,1,6,Active,Physical Damage,1,Yes,Yes,Yes,Yes,No,1,Yes,Yes,No,2026-08-22,2026-09-18,ManualReview
CLM00048,Laptop,0,12,Active,Mechanical Failure,2,Yes,Yes,Yes,No,Yes,1,Yes,No,No,2026-09-01,2026-09-19,Valid
CLM00030,Air Conditioner,5,24,Active,Physical Damage,1,Yes,Yes,Yes,Yes,No,1,Yes,Yes,No,2026-04-14,2026-09-19,ManualReview
CLM00874,Refrigerator,11,24,Active,Water Damage,0,Yes,Yes,Yes,Yes,Yes,0,No,Yes,No,2025-10-06,2026-09-23,ManualReview
CLM00175,Mobile Phone,22,24,Active,Physical Damage,0,Yes,Yes,Yes,Yes,Yes,0,Yes,Yes,No,2024-11-09,2026-09-21,ManualReview
CLM01453,Laptop,16,24,Active,Electrical Fault,1,No,Yes,Yes,Yes,Yes,0,Yes,No,No,2025-05-31,2026-09-22,Valid
CLM01254,Air Conditioner,1,12,Active,Mechanical Failure,0,Yes,Yes,Yes,Yes,Yes,0,Yes,No,No,2026-08-22,2026-09-13,Valid
CLM00912,Refrigerator,10,12,Active,Water Damage,0,Yes,No,Yes,No,Yes,2,No,Yes,No,2025-11-18,2026-09-16,Invalid
CLM00787,Television,5,6,Active,Electrical Fault,2,Yes,Yes,Yes,Yes,Yes,0,Yes,No,No,2026-04-10,2026-09-16,ManualReview
CLM00865,Mobile Phone,3,6,Active,Physical Damage,1,Yes,Yes,Yes,Yes,Yes,0,No,Yes,No,2026-06-11,2026-09-15,Invalid
CLM01121,Washing Machine,12,6,Expired,Mechanical Failure,0,Yes,Yes,Yes,Yes,Yes,0,Yes,No,No,2025-09-14,2026-09-18,ManualReview
CLM00257,Air Conditioner,16,12,Expired,Electrical Fault,0,Yes,No,No,Yes,No,3,Yes,No,No,2025-05-30,2026-09-17,Invalid
CLM01346,Laptop,16,18,Active,Software Issue,0,Yes,Yes,Yes,Yes,Yes,0,Yes,No,No,2025-05-11,2026-09-21,Valid
CLM00729,Refrigerator,7,18,Active,Mechanical Failure,2,Yes,Yes,Yes,Yes,Yes,0,No,No,No,2026-02-15,2026-09-18,ManualReview
CLM01263,Mobile Phone,12,24,Active,Software Issue,1,No,Yes,Yes,Yes,Yes,0,Yes,No,No,2025-09-19,2026-09-23,Valid
CLM00890,Laptop,5,12,Active,Electrical Fault,0,Yes,Yes,Yes,No,Yes,1,Yes,No,No,2026-04-10,2026-09-19,Valid
CLM01473,Television,9,12,Active,Overheating,1,Yes,Yes,Yes,Yes,Yes,0,No,No,No,2025-12-10,2026-09-16,Valid
CLM00309,Air Conditioner,21,24,Active,Overheating,2,Yes,No,Yes,Yes,Yes,1,No,No,No,2024-12-25,2026-09-18,Invalid
CLM01204,Washing Machine,12,6,Expired,Software Issue,0,Yes,No,Yes,Yes,Yes,1,Yes,No,No,2025-08-31,2026-09-13,ManualReview
CLM01066,Refrigerator,8,24,Active,Electrical Fault,0,Yes,No,No,Yes,Yes,2,No,No,No,2026-01-15,2026-09-19,ManualReview
CLM00124,Mobile Phone,11,6,Expired,Physical Damage,0,Yes,No,Yes,Yes,Yes,1,Yes,Yes,No,2025-10-12,2026-09-16,Invalid
CLM00983,Mobile Phone,29,24,Expired,Physical Damage,0,Yes,Yes,Yes,Yes,Yes,0,Yes,Yes,No,2024-04-18,2026-09-16,Invalid
CLM01489,Air Conditioner,1,24,Active,Mechanical Failure,0,Yes,No,Yes,Yes,No,2,Yes,No,No,2026-07-27,2026-09-21,Valid
CLM00914,Refrigerator,7,24,Active,Software Issue,0,Yes,No,No,No,Yes,3,Yes,No,No,2026-01-31,2026-09-23,ManualReview
CLM00422,Air Conditioner,4,6,Active,Overheating,0,Yes,Yes,No,Yes,Yes,1,Yes,No,No,2026-04-30,2026-09-14,ManualReview
CLM00875,Refrigerator,3,12,Active,Software Issue,0,Yes,No,No,Yes,Yes,2,Yes,No,No,2026-06-17,2026-09-21,Valid
CLM01403,Television,8,12,Active,Electrical Fault,0,Yes,Yes,Yes,Yes,Yes,0,No,No,No,2026-01-13,2026-09-14,Valid
CLM01042,Refrigerator,26,18,Expired,Electrical Fault,2,No,No,Yes,No,Yes,2,Yes,No,No,2024-07-09,2026-09-18,Invalid
CLM01038,Washing Machine,6,6,Expired,Software Issue,1,Yes,Yes,No,Yes,No,2,Yes,No,No,2026-03-09,2026-09-19,ManualReview
CLM00366,Mobile Phone,13,6,Expired,Water Damage,0,Yes,Yes,Yes,Yes,Yes,0,Yes,Yes,No,2025-08-25,2026-09-22,Invalid
CLM01464,Refrigerator,12,24,Active,Software Issue,0,Yes,Yes,Yes,Yes,Yes,0,Yes,No,No,2025-09-11,2026-09-18,Valid
CLM01086,Air Conditioner,3,6,Active,Overheating,0,Yes,Yes,Yes,Yes,Yes,0,Yes,No,No,2026-06-21,2026-09-22,Valid
CLM00369,Mobile Phone,7,12,Active,Electrical Fault,3,No,No,Yes,Yes,Yes,1,Yes,No,No,2026-02-16,2026-09-13,ManualReview
CLM00565,Refrigerator,4,24,Active,Physical Damage,1,Yes,No,Yes,Yes,No,2,Yes,Yes,No,2026-04-27,2026-09-21,ManualReview
CLM00227,Refrigerator,20,12,Expired,Physical Damage,1,Yes,No,Yes,Yes,Yes,1,No,Yes,No,2025-01-18,2026-09-18,Invalid
CLM00861,Washing Machine,3,18,Active,Software Issue,1,Yes,No,Yes,Yes,Yes,1,Yes,No,No,2026-06-21,2026-09-18,Valid
CLM00588,Refrigerator,27,24,Expired,Physical Damage,1,Yes,Yes,Yes,No,Yes,1,No,Yes,No,2024-06-09,2026-09-23,Invalid
CLM01085,Television,24,18,Expired,Mechanical Failure,3,Yes,No,Yes,Yes,Yes,1,Yes,No,No,2024-09-21,2026-09-22,Invalid
CLM01132,Washing Machine,11,18,Active,Mechanical Failure,0,Yes,Yes,No,Yes,Yes,1,Yes,No,No,2025-10-20,2026-09-14,Valid
CLM00870,Laptop,25,18,Expired,Water Damage,1,Yes,Yes,Yes,Yes,Yes,0,Yes,Yes,Yes,2024-08-21,2026-09-16,Invalid
CLM01280,Washing Machine,6,18,Active,Mechanical Failure,2,No,Yes,Yes,Yes,Yes,0,Yes,No,No,2026-03-04,2026-09-13,Valid
CLM01294,Mobile Phone,11,12,Active,Software Issue,0,Yes,Yes,Yes,Yes,Yes,0,Yes,No,No,2025-10-01,2026-09-15,Valid
CLM00938,Mobile Phone,19,24,Active,Mechanical Failure,0,Yes,Yes,No,Yes,No,2,No,No,No,2025-02-08,2026-09-14,ManualReview
CLM01401,Washing Machine,8,12,Active,Software Issue,2,No,Yes,Yes,Yes,Yes,0,Yes,No,No,2026-01-15,2026-09-17,Valid
CLM00725,Washing Machine,8,12,Active,Overheating,1,Yes,Yes,Yes,Yes,Yes,0,Yes,No,No,2026-01-07,2026-09-22,Valid
CLM00506,Television,3,12,Active,Water Damage,0,Yes,Yes,Yes,Yes,No,1,Yes,Yes,No,2026-06-02,2026-09-19,ManualReview
CLM01142,Mobile Phone,7,18,Active,Electrical Fault,0,Yes,Yes,Yes,Yes,Yes,0,Yes,No,No,2026-02-13,2026-09-22,Valid
CLM00773,Refrigerator,10,6,Expired,Physical Damage,1,Yes,Yes,Yes,Yes,Yes,0,No,Yes,No,2025-11-21,2026-09-15,Invalid
CLM01247,Laptop,3,24,Active,Software Issue,0,Yes,No,Yes,Yes,Yes,1,Yes,No,No,2026-06-09,2026-09-21,Valid
CLM01104,Washing Machine,20,24,Active,Software Issue,2,No,Yes,Yes,Yes,Yes,0,Yes,No,No,2025-01-07,2026-09-16,ManualReview
CLM01054,Television,1,18,Active,Electrical Fault,3,Yes,Yes,Yes,Yes,Yes,0,Yes,No,No,2026-08-10,2026-09-21,ManualReview
CLM00378,Air Conditioner,2,24,Active,Electrical Fault,2,No,Yes,Yes,Yes,Yes,0,No,No,No,2026-07-18,2026-09-18,ManualReview
CLM01385,Washing Machine,8,24,Active,Overheating,3,Yes,Yes,Yes,Yes,Yes,0,Yes,No,No,2026-01-08,2026-09-23,Valid
CLM00822,Laptop,3,12,Active,Water Damage,2,Yes,Yes,Yes,Yes,Yes,0,Yes,Yes,No,2026-06-20,2026-09-15,ManualReview
CLM00804,Washing Machine,10,6,Expired,Electrical Fault,0,Yes,No,No,Yes,Yes,2,Yes,No,No,2025-11-23,2026-09-19,Invalid
CLM01210,Air Conditioner,1,12,Active,Overheating,0,Yes,Yes,No,Yes,Yes,1,Yes,No,No,2026-08-18,2026-09-18,Valid
CLM00310,Washing Machine,12,6,Expired,Physical Damage,1,Yes,No,Yes,Yes,No,2,Yes,Yes,No,2025-09-20,2026-09-16,Invalid
CLM00010,Washing Machine,9,12,Active,Software Issue,0,Yes,Yes,Yes,Yes,Yes,0,Yes,No,No,2025-12-18,2026-09-14,Valid
CLM00656,Refrigerator,19,24,Active,Overheating,0,Yes,No,Yes,Yes,Yes,1,Yes,No,No,2025-03-02,2026-09-15,Valid
CLM00483,Mobile Phone,9,6,Expired,Overheating,2,Yes,Yes,No,Yes,Yes,1,Yes,No,No,2025-12-09,2026-09-19,Invalid
CLM01127,Mobile Phone,3,24,Active,Overheating,3,No,Yes,Yes,Yes,No,1,Yes,No,No,2026-06-03,2026-09-20,ManualReview
CLM01037,Laptop,21,12,Expired,Software Issue,2,Yes,Yes,Yes,Yes,Yes,0,No,No,No,2024-12-07,2026-09-16,Invalid
CLM00811,Television,15,12,Expired,Software Issue,1,Yes,Yes,No,Yes,Yes,1,Yes,No,No,2025-06-19,2026-09-16,ManualReview
CLM00735,Television,0,18,Active,Physical Damage,3,Yes,Yes,Yes,Yes,Yes,0,Yes,Yes,No,2026-08-25,2026-09-23,ManualReview
CLM00900,Refrigerator,10,12,Active,Physical Damage,0,Yes,Yes,Yes,Yes,Yes,0,Yes,Yes,No,2025-11-21,2026-09-18,ManualReview
CLM01442,Mobile Phone,15,24,Active,Electrical Fault,0,Yes,Yes,Yes,Yes,No,1,Yes,No,No,2025-06-15,2026-09-19,Valid
CLM00341,Washing Machine,0,18,Active,Mechanical Failure,0,Yes,No,No,Yes,Yes,2,Yes,No,No,2026-08-29,2026-09-19,ManualReview
CLM00655,Air Conditioner,16,18,Active,Electrical Fault,3,Yes,Yes,Yes,Yes,No,1,Yes,No,No,2025-05-09,2026-09-22,ManualReview
CLM00377,Washing Machine,27,18,Expired,Water Damage,0,Yes,Yes,Yes,No,Yes,1,No,Yes,No,2024-06-14,2026-09-21,Invalid
CLM00961,Mobile Phone,18,18,Expired,Software Issue,0,Yes,Yes,Yes,Yes,Yes,0,Yes,No,No,2025-03-26,2026-09-20,ManualReview
CLM00657,Laptop,1,6,Active,Software Issue,0,Yes,No,No,Yes,No,3,Yes,No,No,2026-08-14,2026-09-15,ManualReview
CLM00844,Laptop,20,12,Expired,Mechanical Failure,0,Yes,Yes,Yes,Yes,Yes,0,Yes,No,No,2025-01-11,2026-09-17,ManualReview
CLM01318,Air Conditioner,14,24,Active,Mechanical Failure,0,Yes,Yes,No,Yes,Yes,1,Yes,No,No,2025-07-18,2026-09-13,Valid
CLM00326,Mobile Phone,3,18,Active,Water Damage,1,No,Yes,No,Yes,Yes,1,Yes,Yes,No,2026-05-28,2026-09-15,Invalid
CLM00507,Washing Machine,27,18,Expired,Water Damage,0,Yes,No,Yes,No,Yes,2,Yes,Yes,No,2024-06-20,2026-09-22,Invalid
CLM00710,Washing Machine,9,6,Expired,Overheating,0,Yes,Yes,No,Yes,Yes,1,Yes,No,No,2025-12-07,2026-09-20,ManualReview
CLM01070,Mobile Phone,13,18,Active,Electrical Fault,0,Yes,No,No,Yes,Yes,2,No,No,No,2025-08-17,2026-09-19,Invalid
CLM00272,Air Conditioner,17,12,Expired,Water Damage,0,Yes,Yes,Yes,No,Yes,1,Yes,Yes,No,2025-04-21,2026-09-20,Invalid
CLM00284,Mobile Phone,19,18,Expired,Mechanical Failure,2,Yes,Yes,Yes,Yes,No,1,Yes,No,Yes,2025-02-07,2026-09-20,Invalid
CLM00775,Laptop,3,6,Active,Water Damage,1,Yes,No,Yes,Yes,Yes,1,Yes,Yes,No,2026-06-09,2026-09-23,ManualReview
CLM00630,Mobile Phone,3,6,Active,Software Issue,0,Yes,Yes,Yes,Yes,No,1,Yes,No,Yes,2026-05-27,2026-09-21,ManualReview
CLM01175,Mobile Phone,8,6,Expired,Software Issue,0,Yes,Yes,No,Yes,Yes,1,Yes,No,No,2025-12-31,2026-09-17,ManualReview
CLM00650,Refrigerator,6,6,Expired,Overheating,0,Yes,Yes,Yes,Yes,Yes,0,Yes,No,No,2026-03-23,2026-09-19,ManualReview
CLM00981,Mobile Phone,7,12,Active,Software Issue,0,Yes,Yes,No,No,Yes,2,Yes,No,No,2026-02-19,2026-09-18,ManualReview
CLM00674,Laptop,9,6,Expired,Water Damage,2,Yes,No,Yes,Yes,No,2,Yes,Yes,No,2025-12-16,2026-09-14,Invalid
CLM00321,Television,16,24,Active,Water Damage,1,No,Yes,Yes,Yes,No,1,Yes,Yes,No,2025-05-05,2026-09-20,Invalid
CLM00026,Washing Machine,11,24,Active,Software Issue,0,Yes,Yes,Yes,Yes,No,1,No,No,No,2025-10-25,2026-09-13,ManualReview
CLM00133,Laptop,21,12,Expired,Water Damage,1,Yes,No,Yes,Yes,Yes,1,Yes,Yes,No,2024-12-11,2026-09-13,Invalid
CLM00407,Air Conditioner,8,6,Expired,Overheating,2,No,Yes,Yes,Yes,Yes,0,Yes,No,No,2025-12-31,2026-09-13,Invalid
CLM00168,Television,12,12,Expired,Water Damage,0,Yes,Yes,Yes,Yes,Yes,0,Yes,Yes,No,2025-09-17,2026-09-15,Invalid
CLM00292,Television,2,6,Active,Software Issue,2,Yes,Yes,Yes,Yes,Yes,0,Yes,No,No,2026-07-19,2026-09-16,ManualReview
CLM00679,Television,9,6,Expired,Electrical Fault,0,Yes,Yes,No,Yes,Yes,1,Yes,No,No,2025-12-23,2026-09-15,ManualReview
CLM00446,Laptop,13,12,Expired,Software Issue,1,Yes,Yes,Yes,Yes,Yes,0,Yes,No,No,2025-08-21,2026-09-14,ManualReview
CLM00068,Air Conditioner,27,24,Expired,Software Issue,0,Yes,Yes,Yes,No,Yes,1,No,No,No,2024-06-27,2026-09-21,Invalid
CLM00164,Washing Machine,12,6,Expired,Mechanical Failure,1,Yes,No,Yes,Yes,Yes,1,Yes,No,No,2025-09-21,2026-09-22,ManualReview
CLM00096,Mobile Phone,28,24,Expired,Water Damage,1,Yes,Yes,Yes,No,Yes,1,Yes,Yes,No,2024-06-03,2026-09-17,Invalid
CLM00470,Air Conditioner,3,18,Active,Physical Damage,0,Yes,Yes,Yes,Yes,Yes,0,Yes,Yes,No,2026-05-30,2026-09-22,ManualReview
CLM00582,Television,10,18,Active,Physical Damage,0,Yes,No,Yes,No,No,3,Yes,Yes,No,2025-11-05,2026-09-18,Invalid
CLM00997,Mobile Phone,7,12,Active,Physical Damage,1,Yes,Yes,No,Yes,Yes,1,Yes,Yes,No,2026-02-08,2026-09-23,ManualReview
CLM01485,Laptop,3,18,Active,Software Issue,0,Yes,Yes,Yes,Yes,Yes,0,Yes,No,No,2026-05-30,2026-09-20,Valid
CLM00535,Refrigerator,3,6,Active,Electrical Fault,1,Yes,Yes,No,Yes,Yes,1,Yes,No,No,2026-06-05,2026-09-13,Valid
CLM00046,Washing Machine,2,6,Active,Water Damage,1,Yes,Yes,Yes,Yes,Yes,0,Yes,Yes,No,2026-07-03,2026-09-16,ManualReview
CLM00143,Television,12,24,Active,Water Damage,1,Yes,Yes,Yes,Yes,Yes,0,No,Yes,No,2025-09-23,2026-09-23,Invalid
CLM00677,Refrigerator,21,18,Expired,Electrical Fault,1,Yes,Yes,Yes,No,Yes,1,Yes,No,No,2024-12-27,2026-09-16,ManualReview
CLM00571,Air Conditioner,6,6,Expired,Physical Damage,1,Yes,Yes,Yes,Yes,Yes,0,Yes,Yes,No,2026-03-17,2026-09-22,Invalid
CLM00827,Television,8,6,Expired,Water Damage,1,Yes,Yes,Yes,Yes,No,1,Yes,Yes,No,2026-01-24,2026-09-19,Invalid
CLM00902,Television,4,24,Active,Electrical Fault,2,No,No,No,Yes,Yes,2,Yes,No,Yes,2026-05-25,2026-09-13,Invalid
CLM00094,Television,11,6,Expired,Mechanical Failure,2,No,Yes,Yes,Yes,Yes,0,Yes,No,No,2025-10-18,2026-09-23,ManualReview
CLM01153,Refrigerator,13,18,Active,Overheating,0,Yes,Yes,Yes,Yes,Yes,0,Yes,No,No,2025-08-16,2026-09-20,Valid
CLM01393,Mobile Phone,17,24,Active,Electrical Fault,1,Yes,Yes,Yes,Yes,Yes,0,Yes,No,No,2025-04-08,2026-09-18,Valid
CLM00673,Washing Machine,28,24,Expired,Overheating,1,Yes,No,Yes,Yes,No,2,Yes,No,No,2024-05-07,2026-09-23,Invalid
CLM00845,Air Conditioner,15,6,Expired,Electrical Fault,2,Yes,Yes,No,Yes,Yes,1,Yes,No,No,2025-06-23,2026-09-15,Invalid
CLM01398,Refrigerator,16,18,Active,Mechanical Failure,0,Yes,Yes,Yes,Yes,Yes,0,Yes,No,No,2025-05-03,2026-09-19,Valid
CLM00616,Air Conditioner,24,24,Expired,Physical Damage,2,Yes,Yes,Yes,Yes,Yes,0,Yes,Yes,No,2024-10-01,2026-09-16,Invalid
CLM00969,Washing Machine,21,24,Active,Software Issue,0,Yes,Yes,No,Yes,Yes,1,Yes,No,No,2024-12-23,2026-09-15,ManualReview
CLM00610,Television,3,6,Active,Mechanical Failure,0,Yes,Yes,Yes,No,No,2,No,No,No,2026-06-18,2026-09-20,ManualReview
CLM00065,Washing Machine,7,24,Active,Mechanical Failure,0,Yes,No,Yes,Yes,No,2,Yes,No,No,2026-02-25,2026-09-13,ManualReview
CLM00311,Mobile Phone,1,6,Active,Water Damage,1,Yes,Yes,Yes,No,No,2,Yes,Yes,No,2026-08-24,2026-09-15,Invalid
CLM00231,Laptop,8,18,Active,Water Damage,2,No,Yes,Yes,No,Yes,1,Yes,Yes,No,2026-01-07,2026-09-19,Invalid
CLM01048,Laptop,6,6,Expired,Physical Damage,1,Yes,Yes,Yes,Yes,Yes,0,Yes,Yes,No,2026-03-19,2026-09-17,Invalid
CLM00540,Mobile Phone,17,12,Expired,Mechanical Failure,0,Yes,Yes,Yes,Yes,Yes,0,Yes,No,Yes,2025-04-30,2026-09-13,Invalid
CLM00412,Mobile Phone,26,24,Expired,Water Damage,1,No,No,Yes,No,Yes,2,No,Yes,No,2024-07-18,2026-09-22,Invalid
CLM00559,Air Conditioner,5,12,Active,Software Issue,0,Yes,Yes,Yes,Yes,Yes,0,Yes,No,No,2026-04-26,2026-09-22,Valid
CLM00701,Mobile Phone,2,6,Active,Physical Damage,0,Yes,Yes,No,No,Yes,2,No,Yes,No,2026-07-05,2026-09-13,Invalid
CLM01407,Washing Machine,2,6,Active,Overheating,0,Yes,Yes,Yes,Yes,Yes,0,Yes,No,No,2026-07-24,2026-09-22,Valid
CLM00006,Washing Machine,13,6,Expired,Overheating,1,No,No,Yes,Yes,Yes,1,Yes,No,Yes,2025-08-18,2026-09-22,Invalid
CLM00196,Air Conditioner,11,12,Active,Electrical Fault,0,Yes,No,Yes,No,No,3,Yes,No,No,2025-10-20,2026-09-19,ManualReview
CLM00158,Mobile Phone,0,24,Active,Electrical Fault,1,No,Yes,Yes,Yes,Yes,0,Yes,No,No,2026-09-12,2026-09-21,ManualReview
CLM00984,Laptop,8,12,Active,Overheating,1,No,Yes,Yes,Yes,Yes,0,No,No,Yes,2026-01-08,2026-09-14,Invalid
CLM00643,Mobile Phone,32,24,Expired,Water Damage,0,Yes,No,Yes,No,No,3,No,Yes,No,2024-01-29,2026-09-21,Invalid
CLM01137,Washing Machine,3,12,Active,Software Issue,0,Yes,Yes,Yes,Yes,Yes,0,Yes,No,No,2026-06-20,2026-09-18,Valid
CLM00808,Television,17,24,Active,Overheating,1,Yes,Yes,Yes,Yes,Yes,0,Yes,No,No,2025-04-12,2026-09-17,Valid
CLM00142,Television,5,6,Active,Overheating,0,Yes,Yes,Yes,No,No,2,Yes,No,No,2026-04-02,2026-09-14,ManualReview
CLM00260,Television,0,12,Active,Mechanical Failure,1,Yes,Yes,Yes,Yes,Yes,0,Yes,No,No,2026-09-13,2026-09-22,Valid
CLM00036,Washing Machine,5,12,Active,Software Issue,0,Yes,Yes,Yes,Yes,No,1,Yes,No,Yes,2026-04-05,2026-09-19,ManualReview
CLM01231,Television,5,6,Active,Electrical Fault,0,Yes,Yes,Yes,Yes,Yes,0,Yes,No,No,2026-04-25,2026-09-23,Valid
CLM01379,Washing Machine,3,18,Active,Mechanical Failure,0,Yes,Yes,Yes,Yes,Yes,0,Yes,No,No,2026-06-25,2026-09-20,Valid
CLM01289,Television,1,6,Active,Overheating,1,Yes,Yes,Yes,Yes,Yes,0,Yes,No,No,2026-08-15,2026-09-16,Valid
CLM01419,Washing Machine,1,24,Active,Electrical Fault,0,Yes,Yes,Yes,Yes,Yes,0,Yes,No,No,2026-08-22,2026-09-13,Valid
CLM01392,Television,20,24,Active,Overheating,2,Yes,Yes,Yes,Yes,Yes,0,Yes,No,No,2025-01-26,2026-09-21,Valid
CLM00200,Mobile Phone,24,24,Expired,Electrical Fault,1,No,Yes,Yes,No,Yes,1,Yes,No,No,2024-09-10,2026-09-23,Invalid
CLM00408,Television,11,12,Active,Software Issue,2,Yes,No,Yes,Yes,Yes,1,Yes,No,No,2025-10-25,2026-09-18,ManualReview
CLM00240,Television,4,18,Active,Physical Damage,0,Yes,Yes,Yes,No,No,2,Yes,Yes,No,2026-05-01,2026-09-17,ManualReview
CLM00325,Laptop,2,6,Active,Physical Damage,0,Yes,Yes,No,Yes,No,2,Yes,Yes,No,2026-06-27,2026-09-15,Invalid
CLM00376,Washing Machine,16,24,Active,Physical Damage,0,Yes,Yes,No,Yes,Yes,1,Yes,Yes,No,2025-05-17,2026-09-20,ManualReview
CLM00947,Television,29,24,Expired,Electrical Fault,1,Yes,No,No,Yes,Yes,2,Yes,No,No,2024-04-30,2026-09-22,ManualReview
CLM00059,Television,16,12,Expired,Physical Damage,1,Yes,Yes,Yes,Yes,Yes,0,Yes,Yes,No,2025-05-15,2026-09-13,Invalid
CLM00419,Washing Machine,20,24,Active,Electrical Fault,0,Yes,Yes,Yes,Yes,No,1,Yes,No,No,2025-01-25,2026-09-19,Valid
CLM00092,Air Conditioner,1,6,Active,Mechanical Failure,0,Yes,Yes,Yes,Yes,Yes,0,Yes,No,No,2026-08-17,2026-09-20,Valid
CLM00432,Television,22,18,Expired,Electrical Fault,1,Yes,Yes,Yes,Yes,Yes,0,Yes,No,No,2024-11-05,2026-09-19,ManualReview
CLM00187,Laptop,12,6,Expired,Mechanical Failure,1,Yes,Yes,Yes,Yes,Yes,0,Yes,No,No,2025-09-28,2026-09-14,ManualReview
CLM01493,Mobile Phone,20,24,Active,Software Issue,0,Yes,Yes,Yes,Yes,Yes,0,Yes,No,No,2025-01-12,2026-09-16,Valid
CLM01380,Mobile Phone,2,24,Active,Mechanical Failure,1,Yes,Yes,Yes,Yes,Yes,0,Yes,No,No,2026-07-16,2026-09-21,Valid
CLM01087,Washing Machine,8,18,Active,Software Issue,1,Yes,Yes,No,Yes,Yes,1,Yes,No,No,2026-01-13,2026-09-13,Valid
CLM00611,Laptop,11,6,Expired,Water Damage,0,Yes,Yes,Yes,Yes,Yes,0,Yes,Yes,No,2025-10-04,2026-09-21,Invalid
CLM01197,Mobile Phone,23,24,Active,Overheating,2,Yes,Yes,Yes,Yes,Yes,0,Yes,No,No,2024-10-22,2026-09-23,Valid
CLM00668,Washing Machine,6,6,Expired,Software Issue,2,Yes,Yes,Yes,Yes,No,1,No,No,No,2026-02-28,2026-09-14,Invalid
CLM00208,Air Conditioner,25,18,Expired,Overheating,1,Yes,Yes,Yes,Yes,Yes,0,Yes,No,No,2024-08-18,2026-09-13,ManualReview
CLM00863,Air Conditioner,23,24,Active,Physical Damage,0,Yes,Yes,Yes,Yes,Yes,0,Yes,Yes,Yes,2024-10-22,2026-09-18,Invalid
CLM01338,Television,1,6,Active,Overheating,1,Yes,Yes,No,Yes,Yes,1,Yes,No,No,2026-07-29,2026-09-19,Valid
CLM00529,Air Conditioner,15,12,Expired,Overheating,2,Yes,No,Yes,Yes,Yes,1,No,No,No,2025-06-17,2026-09-17,Invalid
CLM01296,Washing Machine,9,12,Active,Software Issue,0,Yes,Yes,Yes,Yes,Yes,0,Yes,No,No,2025-12-08,2026-09-16,Valid
CLM00034,Air Conditioner,33,24,Expired,Software Issue,1,Yes,No,Yes,No,Yes,2,Yes,No,No,2023-12-25,2026-09-18,ManualReview
CLM00698,Air Conditioner,5,6,Active,Overheating,1,No,No,Yes,Yes,Yes,1,Yes,No,No,2026-04-19,2026-09-17,ManualReview
CLM01456,Air Conditioner,6,12,Active,Electrical Fault,0,Yes,Yes,Yes,Yes,No,1,Yes,No,No,2026-03-07,2026-09-17,Valid
CLM01219,Refrigerator,5,6,Active,Electrical Fault,1,Yes,Yes,Yes,No,No,2,No,No,No,2026-04-03,2026-09-14,ManualReview
CLM00723,Mobile Phone,13,6,Expired,Water Damage,0,Yes,Yes,Yes,No,Yes,1,Yes,Yes,No,2025-08-11,2026-09-17,Invalid
CLM01270,Mobile Phone,17,24,Active,Overheating,2,Yes,Yes,Yes,Yes,Yes,0,Yes,No,No,2025-04-30,2026-09-19,Valid
CLM01111,Refrigerator,23,18,Expired,Physical Damage,0,Yes,Yes,Yes,Yes,No,1,Yes,Yes,No,2024-10-14,2026-09-18,Invalid
CLM01141,Laptop,14,24,Active,Electrical Fault,0,Yes,Yes,Yes,Yes,No,1,Yes,No,No,2025-07-17,2026-09-17,Valid
CLM00918,Air Conditioner,8,24,Active,Electrical Fault,1,Yes,No,Yes,Yes,Yes,1,Yes,No,No,2026-01-05,2026-09-21,Valid
CLM00545,Refrigerator,31,24,Expired,Mechanical Failure,1,Yes,No,Yes,Yes,No,2,Yes,No,Yes,2024-02-07,2026-09-18,Invalid
CLM01402,Television,1,18,Active,Overheating,1,Yes,Yes,Yes,No,Yes,1,Yes,No,No,2026-08-17,2026-09-21,Valid
CLM00490,Television,27,18,Expired,Physical Damage,2,Yes,Yes,Yes,Yes,No,1,Yes,Yes,No,2024-06-17,2026-09-22,Invalid
CLM00331,Air Conditioner,15,12,Expired,Overheating,2,Yes,Yes,Yes,Yes,Yes,0,Yes,No,No,2025-06-29,2026-09-23,ManualReview
CLM00148,Television,13,12,Expired,Electrical Fault,0,Yes,Yes,Yes,No,Yes,1,No,No,No,2025-08-22,2026-09-22,Invalid
CLM01076,Air Conditioner,4,6,Active,Software Issue,1,Yes,No,No,Yes,Yes,2,Yes,No,No,2026-04-28,2026-09-23,ManualReview
CLM00049,Television,14,6,Expired,Mechanical Failure,1,Yes,Yes,No,Yes,Yes,1,Yes,No,No,2025-07-13,2026-09-17,ManualReview
CLM00055,Television,13,24,Active,Electrical Fault,1,Yes,Yes,No,No,Yes,2,Yes,No,No,2025-07-31,2026-09-16,ManualReview
CLM01072,Television,7,24,Active,Electrical Fault,1,Yes,Yes,Yes,Yes,Yes,0,No,No,No,2026-02-19,2026-09-20,ManualReview
CLM00277,Washing Machine,3,6,Active,Software Issue,0,Yes,No,Yes,Yes,Yes,1,Yes,No,No,2026-06-03,2026-09-20,ManualReview
CLM01147,Washing Machine,15,24,Active,Software Issue,0,Yes,Yes,Yes,Yes,Yes,0,Yes,No,No,2025-06-12,2026-09-14,Valid
CLM00207,Refrigerator,15,18,Active,Mechanical Failure,3,Yes,Yes,Yes,Yes,Yes,0,Yes,No,No,2025-06-12,2026-09-16,Valid
CLM00635,Washing Machine,17,12,Expired,Physical Damage,0,Yes,No,Yes,No,Yes,2,Yes,Yes,No,2025-04-09,2026-09-19,Invalid
CLM00025,Mobile Phone,17,24,Active,Water Damage,2,Yes,No,No,Yes,Yes,2,No,Yes,No,2025-04-12,2026-09-21,Invalid
CLM01192,Mobile Phone,4,6,Active,Overheating,2,Yes,Yes,No,Yes,Yes,1,Yes,No,No,2026-05-23,2026-09-16,ManualReview
CLM01002,Washing Machine,4,18,Active,Electrical Fault,2,Yes,Yes,No,Yes,Yes,1,Yes,No,No,2026-05-04,2026-09-21,ManualReview
CLM00519,Laptop,3,12,Active,Overheating,0,Yes,No,Yes,Yes,Yes,1,Yes,No,No,2026-06-11,2026-09-16,Valid
CLM00930,Television,4,12,Active,Mechanical Failure,1,Yes,No,Yes,Yes,Yes,1,Yes,No,No,2026-04-29,2026-09-21,ManualReview
CLM00913,Washing Machine,16,24,Active,Physical Damage,2,Yes,Yes,No,Yes,Yes,1,Yes,Yes,No,2025-05-31,2026-09-17,Invalid
CLM00147,Refrigerator,20,24,Active,Water Damage,1,Yes,No,Yes,No,No,3,No,Yes,No,2025-01-21,2026-09-19,Invalid
CLM00952,Mobile Phone,4,18,Active,Software Issue,2,Yes,Yes,Yes,Yes,No,1,Yes,No,No,2026-04-29,2026-09-18,ManualReview
CLM00636,Refrigerator,10,6,Expired,Physical Damage,1,Yes,No,Yes,Yes,Yes,1,Yes,Yes,No,2025-11-17,2026-09-18,Invalid
CLM01242,Refrigerator,8,18,Active,Electrical Fault,0,Yes,Yes,Yes,Yes,Yes,0,No,No,No,2026-01-11,2026-09-16,Valid
CLM00084,Laptop,0,6,Active,Electrical Fault,1,Yes,Yes,No,Yes,Yes,1,Yes,No,No,2026-09-12,2026-09-22,Valid
CLM01316,Washing Machine,11,18,Active,Electrical Fault,0,Yes,Yes,Yes,Yes,Yes,0,No,No,No,2025-10-26,2026-09-15,Valid
CLM00218,Refrigerator,24,18,Expired,Water Damage,0,Yes,Yes,Yes,Yes,Yes,0,Yes,Yes,No,2024-09-17,2026-09-22,Invalid
CLM01388,Refrigerator,16,24,Active,Mechanical Failure,0,Yes,No,Yes,Yes,Yes,1,Yes,No,No,2025-05-08,2026-09-14,Valid
CLM00753,Laptop,4,24,Active,Physical Damage,0,Yes,Yes,Yes,Yes,Yes,0,Yes,Yes,No,2026-04-29,2026-09-21,ManualReview
CLM00960,Refrigerator,2,18,Active,Electrical Fault,0,Yes,Yes,Yes,Yes,Yes,0,Yes,No,No,2026-07-23,2026-09-19,Valid
CLM00780,Refrigerator,16,12,Expired,Software Issue,2,Yes,Yes,No,Yes,No,2,No,No,No,2025-05-27,2026-09-13,Invalid
CLM00112,Television,3,6,Active,Overheating,3,Yes,Yes,No,Yes,Yes,1,Yes,No,No,2026-06-21,2026-09-13,Valid
CLM00322,Laptop,26,24,Expired,Water Damage,0,Yes,Yes,Yes,Yes,Yes,0,Yes,Yes,No,2024-07-26,2026-09-20,Invalid
CLM00385,Refrigerator,18,18,Expired,Electrical Fault,0,Yes,No,Yes,Yes,No,2,Yes,No,No,2025-03-07,2026-09-17,ManualReview
CLM00764,Laptop,12,12,Expired,Software Issue,2,Yes,No,Yes,Yes,Yes,1,Yes,No,Yes,2025-09-07,2026-09-15,Invalid
CLM00680,Mobile Phone,11,6,Expired,Mechanical Failure,1,Yes,Yes,Yes,Yes,Yes,0,Yes,No,No,2025-10-10,2026-09-14,ManualReview
CLM00141,Television,14,6,Expired,Water Damage,0,Yes,No,Yes,No,Yes,2,Yes,Yes,No,2025-07-15,2026-09-20,Invalid
CLM01174,Laptop,9,24,Active,Software Issue,0,Yes,Yes,No,Yes,No,2,No,No,No,2025-12-02,2026-09-13,ManualReview
CLM00433,Laptop,8,24,Active,Water Damage,0,Yes,Yes,Yes,No,Yes,1,No,Yes,No,2025-12-28,2026-09-16,Invalid
CLM01045,Television,15,18,Active,Water Damage,1,Yes,Yes,Yes,Yes,Yes,0,No,Yes,No,2025-06-26,2026-09-13,Invalid
CLM01108,Mobile Phone,12,24,Active,Electrical Fault,0,Yes,Yes,Yes,No,Yes,1,Yes,No,No,2025-08-31,2026-09-15,Valid
CLM01075,Television,12,6,Expired,Mechanical Failure,0,Yes,No,No,Yes,Yes,2,Yes,No,No,2025-09-27,2026-09-22,Invalid
CLM00486,Laptop,4,12,Active,Physical Damage,3,Yes,No,Yes,Yes,No,2,Yes,Yes,No,2026-04-28,2026-09-14,Invalid
CLM00029,Television,2,6,Active,Water Damage,3,No,No,Yes,Yes,Yes,1,Yes,Yes,No,2026-07-18,2026-09-21,Invalid
CLM00234,Mobile Phone,21,12,Expired,Mechanical Failure,0,Yes,Yes,Yes,Yes,Yes,0,Yes,No,No,2024-12-11,2026-09-13,ManualReview
CLM01475,Refrigerator,10,24,Active,Overheating,0,Yes,Yes,Yes,Yes,Yes,0,Yes,No,No,2025-11-20,2026-09-23,Valid
CLM00806,Washing Machine,3,6,Active,Physical Damage,1,Yes,Yes,Yes,No,No,2,Yes,Yes,No,2026-06-12,2026-09-20,Invalid
CLM00580,Air Conditioner,16,12,Expired,Physical Damage,0,Yes,No,Yes,Yes,No,2,Yes,Yes,No,2025-05-19,2026-09-15,Invalid
CLM01253,Laptop,15,24,Active,Electrical Fault,0,Yes,Yes,Yes,Yes,No,1,Yes,No,No,2025-06-08,2026-09-16,Valid
CLM00113,Television,16,24,Active,Electrical Fault,0,Yes,Yes,No,Yes,Yes,1,Yes,No,No,2025-05-26,2026-09-21,Valid
CLM00858,Mobile Phone,11,18,Active,Software Issue,0,Yes,Yes,No,No,No,3,Yes,No,No,2025-10-21,2026-09-16,ManualReview
CLM01460,Mobile Phone,5,12,Active,Software Issue,0,Yes,Yes,Yes,Yes,Yes,0,No,No,No,2026-04-25,2026-09-15,Valid
CLM00447,Mobile Phone,3,18,Active,Electrical Fault,0,Yes,No,No,Yes,Yes,2,Yes,No,No,2026-06-05,2026-09-23,ManualReview
CLM01277,Refrigerator,20,24,Active,Mechanical Failure,1,No,Yes,No,Yes,Yes,1,Yes,No,No,2025-01-20,2026-09-14,Valid
CLM01043,Refrigerator,13,24,Active,Physical Damage,2,Yes,Yes,Yes,Yes,No,1,Yes,Yes,No,2025-08-20,2026-09-15,Invalid
CLM00534,Air Conditioner,14,18,Active,Mechanical Failure,2,No,Yes,Yes,Yes,Yes,0,No,No,No,2025-07-10,2026-09-22,ManualReview
CLM01386,Air Conditioner,1,6,Active,Software Issue,0,Yes,Yes,Yes,No,Yes,1,Yes,No,No,2026-08-18,2026-09-18,Valid
CLM00703,Air Conditioner,8,24,Active,Physical Damage,0,Yes,No,Yes,No,Yes,2,No,Yes,No,2026-01-19,2026-09-18,Invalid
CLM01139,Laptop,18,12,Expired,Mechanical Failure,0,Yes,Yes,Yes,Yes,Yes,0,Yes,No,No,2025-03-05,2026-09-15,ManualReview
CLM01344,Refrigerator,9,24,Active,Mechanical Failure,0,Yes,Yes,Yes,Yes,Yes,0,Yes,No,No,2025-12-14,2026-09-18,Valid
CLM00625,Laptop,13,12,Expired,Mechanical Failure,0,Yes,Yes,No,No,Yes,2,Yes,No,No,2025-08-12,2026-09-20,Invalid
CLM00846,Laptop,11,24,Active,Overheating,0,Yes,Yes,No,Yes,No,2,No,No,No,2025-10-08,2026-09-21,ManualReview
CLM00766,Air Conditioner,0,12,Active,Overheating,1,Yes,Yes,Yes,Yes,Yes,0,Yes,No,No,2026-09-10,2026-09-20,Valid
CLM00847,Refrigerator,8,18,Active,Physical Damage,1,Yes,Yes,Yes,Yes,No,1,Yes,Yes,Yes,2026-01-06,2026-09-16,Invalid
CLM00319,Air Conditioner,9,12,Active,Mechanical Failure,2,No,Yes,Yes,Yes,No,1,No,No,No,2025-12-03,2026-09-23,ManualReview
CLM01019,Mobile Phone,0,24,Active,Physical Damage,0,Yes,Yes,Yes,No,Yes,1,Yes,Yes,No,2026-09-04,2026-09-20,ManualReview
CLM00499,Laptop,10,18,Active,Electrical Fault,1,Yes,Yes,No,Yes,Yes,1,Yes,No,No,2025-11-05,2026-09-20,Valid
CLM01200,Refrigerator,11,12,Active,Software Issue,2,Yes,No,Yes,Yes,Yes,1,Yes,No,No,2025-10-04,2026-09-13,ManualReview
CLM01331,Mobile Phone,5,18,Active,Overheating,0,Yes,Yes,Yes,No,Yes,1,Yes,No,No,2026-04-08,2026-09-18,Valid
CLM00598,Washing Machine,12,18,Active,Physical Damage,0,Yes,No,Yes,Yes,No,2,Yes,Yes,No,2025-09-21,2026-09-16,ManualReview
CLM01467,Television,9,18,Active,Electrical Fault,3,Yes,Yes,Yes,Yes,Yes,0,Yes,No,No,2025-12-16,2026-09-17,Valid
CLM00721,Air Conditioner,1,6,Active,Overheating,0,Yes,Yes,Yes,No,Yes,1,Yes,No,No,2026-08-04,2026-09-15,Valid
CLM00117,Laptop,4,6,Active,Mechanical Failure,1,Yes,No,No,Yes,Yes,2,Yes,No,No,2026-05-08,2026-09-16,ManualReview
CLM00261,Air Conditioner,3,6,Active,Software Issue,0,Yes,No,Yes,Yes,No,2,Yes,No,No,2026-06-02,2026-09-23,ManualReview
CLM00332,Laptop,15,12,Expired,Mechanical Failure,0,Yes,No,Yes,Yes,Yes,1,Yes,No,No,2025-06-17,2026-09-18,ManualReview
CLM00748,Washing Machine,22,24,Active,Physical Damage,1,Yes,No,Yes,Yes,Yes,1,Yes,Yes,No,2024-12-01,2026-09-13,ManualReview
CLM00820,Washing Machine,10,12,Active,Water Damage,1,No,Yes,Yes,Yes,Yes,0,Yes,Yes,Yes,2025-11-12,2026-09-19,Invalid
CLM01173,Television,6,6,Expired,Electrical Fault,2,Yes,Yes,Yes,Yes,Yes,0,Yes,No,No,2026-02-27,2026-09-15,ManualReview
CLM00328,Refrigerator,14,12,Expired,Mechanical Failure,3,Yes,Yes,Yes,Yes,Yes,0,Yes,No,No,2025-07-01,2026-09-22,ManualReview
